# MySQL dump 8.16
#
# Host: mango    Database: tempcopy
#--------------------------------------------------------
# Server version	3.23.51

#
# Dumping data for table 'alib_component'
#

LOCK TABLES alib_component WRITE;
REPLACE INTO alib_component (COMPONENT_ALIB_ID, COMPONENT_NAME, COMPONENT_LIB_ID, COMPONENT_TYPE, CLONE_SET_ID) VALUES ('Enclave2SecurityMnRManager','Enclave2SecurityMnRManager','Enclave2SecurityMnRManager','agent',0.000000000000000000000000000000);
REPLACE INTO alib_component (COMPONENT_ALIB_ID, COMPONENT_NAME, COMPONENT_LIB_ID, COMPONENT_TYPE, CLONE_SET_ID) VALUES ('Enclave2SecurityMnRManager|org.cougaar.core.security.monitoring.plugin.MnRQueryReceiverPlugin','Enclave2SecurityMnRManager|org.cougaar.core.security.monitoring.plugin.MnRQueryReceiverPlugin','plugin|org.cougaar.core.security.monitoring.plugin.MnRQueryReceiverPlugin','plugin',0.000000000000000000000000000000);
REPLACE INTO alib_component (COMPONENT_ALIB_ID, COMPONENT_NAME, COMPONENT_LIB_ID, COMPONENT_TYPE, CLONE_SET_ID) VALUES ('Enclave2SecurityMnRManager|org.cougaar.core.security.monitoring.plugin.MnRQueryResponderPlugin','Enclave2SecurityMnRManager|org.cougaar.core.security.monitoring.plugin.MnRQueryResponderPlugin','plugin|org.cougaar.core.security.monitoring.plugin.MnRQueryResponderPlugin','plugin',0.000000000000000000000000000000);
REPLACE INTO alib_component (COMPONENT_ALIB_ID, COMPONENT_NAME, COMPONENT_LIB_ID, COMPONENT_TYPE, CLONE_SET_ID) VALUES ('Enclave2SecurityMnRManager|org.cougaar.mlm.plugin.organization.OrgReportPlugin','Enclave2SecurityMnRManager|org.cougaar.mlm.plugin.organization.OrgReportPlugin','plugin|org.cougaar.mlm.plugin.organization.OrgReportPlugin','plugin',0.000000000000000000000000000000);
REPLACE INTO alib_component (COMPONENT_ALIB_ID, COMPONENT_NAME, COMPONENT_LIB_ID, COMPONENT_TYPE, CLONE_SET_ID) VALUES ('Enclave2SecurityMnRManager|org.cougaar.core.security.monitoring.plugin.CapabilitiesProcessingPlugin','Enclave2SecurityMnRManager|org.cougaar.core.security.monitoring.plugin.CapabilitiesProcessingPlugin','plugin|org.cougaar.core.security.monitoring.plugin.CapabilitiesProcessingPlugin','plugin',0.000000000000000000000000000000);
REPLACE INTO alib_component (COMPONENT_ALIB_ID, COMPONENT_NAME, COMPONENT_LIB_ID, COMPONENT_TYPE, CLONE_SET_ID) VALUES ('Enclave4SecurityMnRManager','Enclave4SecurityMnRManager','Enclave4SecurityMnRManager','agent',0.000000000000000000000000000000);
REPLACE INTO alib_component (COMPONENT_ALIB_ID, COMPONENT_NAME, COMPONENT_LIB_ID, COMPONENT_TYPE, CLONE_SET_ID) VALUES ('Enclave4SecurityMnRManager|org.cougaar.core.security.monitoring.plugin.MnRQueryResponderPlugin','Enclave4SecurityMnRManager|org.cougaar.core.security.monitoring.plugin.MnRQueryResponderPlugin','plugin|org.cougaar.core.security.monitoring.plugin.MnRQueryResponderPlugin','plugin',0.000000000000000000000000000000);
REPLACE INTO alib_component (COMPONENT_ALIB_ID, COMPONENT_NAME, COMPONENT_LIB_ID, COMPONENT_TYPE, CLONE_SET_ID) VALUES ('Enclave4SecurityMnRManager|org.cougaar.core.security.monitoring.plugin.EventQueryPlugin','Enclave4SecurityMnRManager|org.cougaar.core.security.monitoring.plugin.EventQueryPlugin','plugin|org.cougaar.core.security.monitoring.plugin.EventQueryPlugin','plugin',0.000000000000000000000000000000);
REPLACE INTO alib_component (COMPONENT_ALIB_ID, COMPONENT_NAME, COMPONENT_LIB_ID, COMPONENT_TYPE, CLONE_SET_ID) VALUES ('Enclave4SecurityMnRManager|org.cougaar.mlm.plugin.organization.OrgDataPlugin','Enclave4SecurityMnRManager|org.cougaar.mlm.plugin.organization.OrgDataPlugin','plugin|org.cougaar.mlm.plugin.organization.OrgDataPlugin','plugin',0.000000000000000000000000000000);
REPLACE INTO alib_component (COMPONENT_ALIB_ID, COMPONENT_NAME, COMPONENT_LIB_ID, COMPONENT_TYPE, CLONE_SET_ID) VALUES ('Enclave4SecurityMnRManager|org.cougaar.core.security.monitoring.servlet.MnRRegistrationViewerComponent','Enclave4SecurityMnRManager|org.cougaar.core.security.monitoring.servlet.MnRRegistrationViewerComponent','plugin|org.cougaar.core.security.monitoring.servlet.MnRRegistrationViewerComponent','plugin',0.000000000000000000000000000000);
REPLACE INTO alib_component (COMPONENT_ALIB_ID, COMPONENT_NAME, COMPONENT_LIB_ID, COMPONENT_TYPE, CLONE_SET_ID) VALUES ('Enclave3SecurityMnRManager','Enclave3SecurityMnRManager','Enclave3SecurityMnRManager','agent',0.000000000000000000000000000000);
REPLACE INTO alib_component (COMPONENT_ALIB_ID, COMPONENT_NAME, COMPONENT_LIB_ID, COMPONENT_TYPE, CLONE_SET_ID) VALUES ('Enclave3SecurityMnRManager|org.cougaar.core.servlet.BlackboardServletComponent','Enclave3SecurityMnRManager|org.cougaar.core.servlet.BlackboardServletComponent','plugin|org.cougaar.core.servlet.BlackboardServletComponent','plugin',0.000000000000000000000000000000);
REPLACE INTO alib_component (COMPONENT_ALIB_ID, COMPONENT_NAME, COMPONENT_LIB_ID, COMPONENT_TYPE, CLONE_SET_ID) VALUES ('Enclave3SecurityMnRManager|org.cougaar.core.adaptivity.AdaptivityEngine','Enclave3SecurityMnRManager|org.cougaar.core.adaptivity.AdaptivityEngine','plugin|org.cougaar.core.adaptivity.AdaptivityEngine','plugin',0.000000000000000000000000000000);
REPLACE INTO alib_component (COMPONENT_ALIB_ID, COMPONENT_NAME, COMPONENT_LIB_ID, COMPONENT_TYPE, CLONE_SET_ID) VALUES ('Enclave3SecurityMnRManager|org.cougaar.core.adaptivity.ConditionServiceProvider','Enclave3SecurityMnRManager|org.cougaar.core.adaptivity.ConditionServiceProvider','plugin|org.cougaar.core.adaptivity.ConditionServiceProvider','plugin',0.000000000000000000000000000000);
REPLACE INTO alib_component (COMPONENT_ALIB_ID, COMPONENT_NAME, COMPONENT_LIB_ID, COMPONENT_TYPE, CLONE_SET_ID) VALUES ('Enclave3SecurityMnRManager|org.cougaar.core.adaptivity.OperatingModeServiceProvider','Enclave3SecurityMnRManager|org.cougaar.core.adaptivity.OperatingModeServiceProvider','plugin|org.cougaar.core.adaptivity.OperatingModeServiceProvider','plugin',0.000000000000000000000000000000);
REPLACE INTO alib_component (COMPONENT_ALIB_ID, COMPONENT_NAME, COMPONENT_LIB_ID, COMPONENT_TYPE, CLONE_SET_ID) VALUES ('Enclave3SecurityMnRManager|org.cougaar.core.adaptivity.PlaybookManager','Enclave3SecurityMnRManager|org.cougaar.core.adaptivity.PlaybookManager','plugin|org.cougaar.core.adaptivity.PlaybookManager','plugin',0.000000000000000000000000000000);
REPLACE INTO alib_component (COMPONENT_ALIB_ID, COMPONENT_NAME, COMPONENT_LIB_ID, COMPONENT_TYPE, CLONE_SET_ID) VALUES ('Enclave3SecurityMnRManager|org.cougaar.core.security.monitoring.plugin.EventQueryPlugin','Enclave3SecurityMnRManager|org.cougaar.core.security.monitoring.plugin.EventQueryPlugin','plugin|org.cougaar.core.security.monitoring.plugin.EventQueryPlugin','plugin',0.000000000000000000000000000000);
REPLACE INTO alib_component (COMPONENT_ALIB_ID, COMPONENT_NAME, COMPONENT_LIB_ID, COMPONENT_TYPE, CLONE_SET_ID) VALUES ('Enclave3SecurityMnRManager|org.cougaar.mlm.plugin.organization.OrgDataPlugin','Enclave3SecurityMnRManager|org.cougaar.mlm.plugin.organization.OrgDataPlugin','plugin|org.cougaar.mlm.plugin.organization.OrgDataPlugin','plugin',0.000000000000000000000000000000);
REPLACE INTO alib_component (COMPONENT_ALIB_ID, COMPONENT_NAME, COMPONENT_LIB_ID, COMPONENT_TYPE, CLONE_SET_ID) VALUES ('Enclave3SecurityMnRManager|org.cougaar.core.security.monitoring.servlet.MnRRegistrationViewerComponent','Enclave3SecurityMnRManager|org.cougaar.core.security.monitoring.servlet.MnRRegistrationViewerComponent','plugin|org.cougaar.core.security.monitoring.servlet.MnRRegistrationViewerComponent','plugin',0.000000000000000000000000000000);
REPLACE INTO alib_component (COMPONENT_ALIB_ID, COMPONENT_NAME, COMPONENT_LIB_ID, COMPONENT_TYPE, CLONE_SET_ID) VALUES ('Enclave3SecurityMnRManager|org.cougaar.core.security.monitoring.servlet.MnRResponseViewerComponent','Enclave3SecurityMnRManager|org.cougaar.core.security.monitoring.servlet.MnRResponseViewerComponent','plugin|org.cougaar.core.security.monitoring.servlet.MnRResponseViewerComponent','plugin',0.000000000000000000000000000000);
REPLACE INTO alib_component (COMPONENT_ALIB_ID, COMPONENT_NAME, COMPONENT_LIB_ID, COMPONENT_TYPE, CLONE_SET_ID) VALUES ('EnclaveSecurityMnRManagers-cpy','EnclaveSecurityMnRManagers-cpy','recipe|##RECIPE_CLASS##','recipe',0.000000000000000000000000000000);
REPLACE INTO alib_component (COMPONENT_ALIB_ID, COMPONENT_NAME, COMPONENT_LIB_ID, COMPONENT_TYPE, CLONE_SET_ID) VALUES ('Enclave4SecurityMnRManager|org.cougaar.mlm.plugin.organization.OrgReportPlugin','Enclave4SecurityMnRManager|org.cougaar.mlm.plugin.organization.OrgReportPlugin','plugin|org.cougaar.mlm.plugin.organization.OrgReportPlugin','plugin',0.000000000000000000000000000000);
REPLACE INTO alib_component (COMPONENT_ALIB_ID, COMPONENT_NAME, COMPONENT_LIB_ID, COMPONENT_TYPE, CLONE_SET_ID) VALUES ('Enclave4SecurityMnRManager|org.cougaar.core.security.monitoring.plugin.CapabilitiesProcessingPlugin','Enclave4SecurityMnRManager|org.cougaar.core.security.monitoring.plugin.CapabilitiesProcessingPlugin','plugin|org.cougaar.core.security.monitoring.plugin.CapabilitiesProcessingPlugin','plugin',0.000000000000000000000000000000);
REPLACE INTO alib_component (COMPONENT_ALIB_ID, COMPONENT_NAME, COMPONENT_LIB_ID, COMPONENT_TYPE, CLONE_SET_ID) VALUES ('Enclave4SecurityMnRManager|org.cougaar.core.security.monitoring.plugin.CapabilitiesConsolidationPlugin','Enclave4SecurityMnRManager|org.cougaar.core.security.monitoring.plugin.CapabilitiesConsolidationPlugin','plugin|org.cougaar.core.security.monitoring.plugin.CapabilitiesConsolidationPlugin','plugin',0.000000000000000000000000000000);
REPLACE INTO alib_component (COMPONENT_ALIB_ID, COMPONENT_NAME, COMPONENT_LIB_ID, COMPONENT_TYPE, CLONE_SET_ID) VALUES ('Enclave4SecurityMnRManager|org.cougaar.core.security.monitoring.plugin.MnRQueryReceiverPlugin','Enclave4SecurityMnRManager|org.cougaar.core.security.monitoring.plugin.MnRQueryReceiverPlugin','plugin|org.cougaar.core.security.monitoring.plugin.MnRQueryReceiverPlugin','plugin',0.000000000000000000000000000000);
REPLACE INTO alib_component (COMPONENT_ALIB_ID, COMPONENT_NAME, COMPONENT_LIB_ID, COMPONENT_TYPE, CLONE_SET_ID) VALUES ('Enclave3SecurityMnRManager|org.cougaar.core.security.monitoring.plugin.MnRQueryResponderPlugin','Enclave3SecurityMnRManager|org.cougaar.core.security.monitoring.plugin.MnRQueryResponderPlugin','plugin|org.cougaar.core.security.monitoring.plugin.MnRQueryResponderPlugin','plugin',0.000000000000000000000000000000);
REPLACE INTO alib_component (COMPONENT_ALIB_ID, COMPONENT_NAME, COMPONENT_LIB_ID, COMPONENT_TYPE, CLONE_SET_ID) VALUES ('Enclave2SecurityMnRManager|org.cougaar.core.adaptivity.AdaptivityEngine','Enclave2SecurityMnRManager|org.cougaar.core.adaptivity.AdaptivityEngine','plugin|org.cougaar.core.adaptivity.AdaptivityEngine','plugin',0.000000000000000000000000000000);
REPLACE INTO alib_component (COMPONENT_ALIB_ID, COMPONENT_NAME, COMPONENT_LIB_ID, COMPONENT_TYPE, CLONE_SET_ID) VALUES ('Enclave2SecurityMnRManager|org.cougaar.core.adaptivity.ConditionServiceProvider','Enclave2SecurityMnRManager|org.cougaar.core.adaptivity.ConditionServiceProvider','plugin|org.cougaar.core.adaptivity.ConditionServiceProvider','plugin',0.000000000000000000000000000000);
REPLACE INTO alib_component (COMPONENT_ALIB_ID, COMPONENT_NAME, COMPONENT_LIB_ID, COMPONENT_TYPE, CLONE_SET_ID) VALUES ('Enclave2SecurityMnRManager|org.cougaar.core.adaptivity.OperatingModeServiceProvider','Enclave2SecurityMnRManager|org.cougaar.core.adaptivity.OperatingModeServiceProvider','plugin|org.cougaar.core.adaptivity.OperatingModeServiceProvider','plugin',0.000000000000000000000000000000);
REPLACE INTO alib_component (COMPONENT_ALIB_ID, COMPONENT_NAME, COMPONENT_LIB_ID, COMPONENT_TYPE, CLONE_SET_ID) VALUES ('Enclave2SecurityMnRManager|org.cougaar.core.servlet.BlackboardServletComponent','Enclave2SecurityMnRManager|org.cougaar.core.servlet.BlackboardServletComponent','plugin|org.cougaar.core.servlet.BlackboardServletComponent','plugin',0.000000000000000000000000000000);
REPLACE INTO alib_component (COMPONENT_ALIB_ID, COMPONENT_NAME, COMPONENT_LIB_ID, COMPONENT_TYPE, CLONE_SET_ID) VALUES ('Enclave2SecurityMnRManager|org.cougaar.core.adaptivity.PlaybookManager','Enclave2SecurityMnRManager|org.cougaar.core.adaptivity.PlaybookManager','plugin|org.cougaar.core.adaptivity.PlaybookManager','plugin',0.000000000000000000000000000000);
REPLACE INTO alib_component (COMPONENT_ALIB_ID, COMPONENT_NAME, COMPONENT_LIB_ID, COMPONENT_TYPE, CLONE_SET_ID) VALUES ('Enclave2SecurityMnRManager|org.cougaar.core.security.monitoring.plugin.EventQueryPlugin','Enclave2SecurityMnRManager|org.cougaar.core.security.monitoring.plugin.EventQueryPlugin','plugin|org.cougaar.core.security.monitoring.plugin.EventQueryPlugin','plugin',0.000000000000000000000000000000);
REPLACE INTO alib_component (COMPONENT_ALIB_ID, COMPONENT_NAME, COMPONENT_LIB_ID, COMPONENT_TYPE, CLONE_SET_ID) VALUES ('Enclave2SecurityMnRManager|org.cougaar.mlm.plugin.organization.OrgDataPlugin','Enclave2SecurityMnRManager|org.cougaar.mlm.plugin.organization.OrgDataPlugin','plugin|org.cougaar.mlm.plugin.organization.OrgDataPlugin','plugin',0.000000000000000000000000000000);
REPLACE INTO alib_component (COMPONENT_ALIB_ID, COMPONENT_NAME, COMPONENT_LIB_ID, COMPONENT_TYPE, CLONE_SET_ID) VALUES ('Enclave2SecurityMnRManager|org.cougaar.core.security.monitoring.servlet.MnRRegistrationViewerComponent','Enclave2SecurityMnRManager|org.cougaar.core.security.monitoring.servlet.MnRRegistrationViewerComponent','plugin|org.cougaar.core.security.monitoring.servlet.MnRRegistrationViewerComponent','plugin',0.000000000000000000000000000000);
REPLACE INTO alib_component (COMPONENT_ALIB_ID, COMPONENT_NAME, COMPONENT_LIB_ID, COMPONENT_TYPE, CLONE_SET_ID) VALUES ('Enclave2SecurityMnRManager|org.cougaar.core.security.monitoring.servlet.MnRResponseViewerComponent','Enclave2SecurityMnRManager|org.cougaar.core.security.monitoring.servlet.MnRResponseViewerComponent','plugin|org.cougaar.core.security.monitoring.servlet.MnRResponseViewerComponent','plugin',0.000000000000000000000000000000);
REPLACE INTO alib_component (COMPONENT_ALIB_ID, COMPONENT_NAME, COMPONENT_LIB_ID, COMPONENT_TYPE, CLONE_SET_ID) VALUES ('Enclave3SecurityMnRManager|org.cougaar.mlm.plugin.organization.OrgReportPlugin','Enclave3SecurityMnRManager|org.cougaar.mlm.plugin.organization.OrgReportPlugin','plugin|org.cougaar.mlm.plugin.organization.OrgReportPlugin','plugin',0.000000000000000000000000000000);
REPLACE INTO alib_component (COMPONENT_ALIB_ID, COMPONENT_NAME, COMPONENT_LIB_ID, COMPONENT_TYPE, CLONE_SET_ID) VALUES ('Enclave3SecurityMnRManager|org.cougaar.core.security.monitoring.plugin.CapabilitiesConsolidationPlugin','Enclave3SecurityMnRManager|org.cougaar.core.security.monitoring.plugin.CapabilitiesConsolidationPlugin','plugin|org.cougaar.core.security.monitoring.plugin.CapabilitiesConsolidationPlugin','plugin',0.000000000000000000000000000000);
REPLACE INTO alib_component (COMPONENT_ALIB_ID, COMPONENT_NAME, COMPONENT_LIB_ID, COMPONENT_TYPE, CLONE_SET_ID) VALUES ('Enclave3SecurityMnRManager|org.cougaar.core.security.monitoring.plugin.CapabilitiesProcessingPlugin','Enclave3SecurityMnRManager|org.cougaar.core.security.monitoring.plugin.CapabilitiesProcessingPlugin','plugin|org.cougaar.core.security.monitoring.plugin.CapabilitiesProcessingPlugin','plugin',0.000000000000000000000000000000);
REPLACE INTO alib_component (COMPONENT_ALIB_ID, COMPONENT_NAME, COMPONENT_LIB_ID, COMPONENT_TYPE, CLONE_SET_ID) VALUES ('Enclave3SecurityMnRManager|org.cougaar.core.security.monitoring.plugin.MnRQueryReceiverPlugin','Enclave3SecurityMnRManager|org.cougaar.core.security.monitoring.plugin.MnRQueryReceiverPlugin','plugin|org.cougaar.core.security.monitoring.plugin.MnRQueryReceiverPlugin','plugin',0.000000000000000000000000000000);
REPLACE INTO alib_component (COMPONENT_ALIB_ID, COMPONENT_NAME, COMPONENT_LIB_ID, COMPONENT_TYPE, CLONE_SET_ID) VALUES ('Enclave2SecurityMnRManager|org.cougaar.core.security.monitoring.plugin.CapabilitiesConsolidationPlugin','Enclave2SecurityMnRManager|org.cougaar.core.security.monitoring.plugin.CapabilitiesConsolidationPlugin','plugin|org.cougaar.core.security.monitoring.plugin.CapabilitiesConsolidationPlugin','plugin',0.000000000000000000000000000000);
REPLACE INTO alib_component (COMPONENT_ALIB_ID, COMPONENT_NAME, COMPONENT_LIB_ID, COMPONENT_TYPE, CLONE_SET_ID) VALUES ('Enclave1SecurityMnRManager','Enclave1SecurityMnRManager','Enclave1SecurityMnRManager','agent',0.000000000000000000000000000000);
REPLACE INTO alib_component (COMPONENT_ALIB_ID, COMPONENT_NAME, COMPONENT_LIB_ID, COMPONENT_TYPE, CLONE_SET_ID) VALUES ('Enclave1SecurityMnRManager|org.cougaar.mlm.plugin.organization.OrgReportPlugin','Enclave1SecurityMnRManager|org.cougaar.mlm.plugin.organization.OrgReportPlugin','plugin|org.cougaar.mlm.plugin.organization.OrgReportPlugin','plugin',0.000000000000000000000000000000);
REPLACE INTO alib_component (COMPONENT_ALIB_ID, COMPONENT_NAME, COMPONENT_LIB_ID, COMPONENT_TYPE, CLONE_SET_ID) VALUES ('Enclave1SecurityMnRManager|org.cougaar.core.security.monitoring.plugin.CapabilitiesProcessingPlugin','Enclave1SecurityMnRManager|org.cougaar.core.security.monitoring.plugin.CapabilitiesProcessingPlugin','plugin|org.cougaar.core.security.monitoring.plugin.CapabilitiesProcessingPlugin','plugin',0.000000000000000000000000000000);
REPLACE INTO alib_component (COMPONENT_ALIB_ID, COMPONENT_NAME, COMPONENT_LIB_ID, COMPONENT_TYPE, CLONE_SET_ID) VALUES ('Enclave1SecurityMnRManager|org.cougaar.core.security.monitoring.plugin.CapabilitiesConsolidationPlugin','Enclave1SecurityMnRManager|org.cougaar.core.security.monitoring.plugin.CapabilitiesConsolidationPlugin','plugin|org.cougaar.core.security.monitoring.plugin.CapabilitiesConsolidationPlugin','plugin',0.000000000000000000000000000000);
REPLACE INTO alib_component (COMPONENT_ALIB_ID, COMPONENT_NAME, COMPONENT_LIB_ID, COMPONENT_TYPE, CLONE_SET_ID) VALUES ('Enclave1SecurityMnRManager|org.cougaar.core.security.monitoring.plugin.MnRQueryReceiverPlugin','Enclave1SecurityMnRManager|org.cougaar.core.security.monitoring.plugin.MnRQueryReceiverPlugin','plugin|org.cougaar.core.security.monitoring.plugin.MnRQueryReceiverPlugin','plugin',0.000000000000000000000000000000);
REPLACE INTO alib_component (COMPONENT_ALIB_ID, COMPONENT_NAME, COMPONENT_LIB_ID, COMPONENT_TYPE, CLONE_SET_ID) VALUES ('Enclave1SecurityMnRManager|org.cougaar.core.security.monitoring.plugin.MnRQueryResponderPlugin','Enclave1SecurityMnRManager|org.cougaar.core.security.monitoring.plugin.MnRQueryResponderPlugin','plugin|org.cougaar.core.security.monitoring.plugin.MnRQueryResponderPlugin','plugin',0.000000000000000000000000000000);
REPLACE INTO alib_component (COMPONENT_ALIB_ID, COMPONENT_NAME, COMPONENT_LIB_ID, COMPONENT_TYPE, CLONE_SET_ID) VALUES ('Enclave1SecurityMnRManager|org.cougaar.core.servlet.BlackboardServletComponent','Enclave1SecurityMnRManager|org.cougaar.core.servlet.BlackboardServletComponent','plugin|org.cougaar.core.servlet.BlackboardServletComponent','plugin',0.000000000000000000000000000000);
REPLACE INTO alib_component (COMPONENT_ALIB_ID, COMPONENT_NAME, COMPONENT_LIB_ID, COMPONENT_TYPE, CLONE_SET_ID) VALUES ('Enclave1SecurityMnRManager|org.cougaar.core.adaptivity.OperatingModeServiceProvider','Enclave1SecurityMnRManager|org.cougaar.core.adaptivity.OperatingModeServiceProvider','plugin|org.cougaar.core.adaptivity.OperatingModeServiceProvider','plugin',0.000000000000000000000000000000);
REPLACE INTO alib_component (COMPONENT_ALIB_ID, COMPONENT_NAME, COMPONENT_LIB_ID, COMPONENT_TYPE, CLONE_SET_ID) VALUES ('Enclave4SecurityMnRManager|org.cougaar.core.servlet.BlackboardServletComponent','Enclave4SecurityMnRManager|org.cougaar.core.servlet.BlackboardServletComponent','plugin|org.cougaar.core.servlet.BlackboardServletComponent','plugin',0.000000000000000000000000000000);
REPLACE INTO alib_component (COMPONENT_ALIB_ID, COMPONENT_NAME, COMPONENT_LIB_ID, COMPONENT_TYPE, CLONE_SET_ID) VALUES ('Enclave1SecurityMnRManager|org.cougaar.core.security.monitoring.servlet.MnRRegistrationViewerComponent','Enclave1SecurityMnRManager|org.cougaar.core.security.monitoring.servlet.MnRRegistrationViewerComponent','plugin|org.cougaar.core.security.monitoring.servlet.MnRRegistrationViewerComponent','plugin',0.000000000000000000000000000000);
REPLACE INTO alib_component (COMPONENT_ALIB_ID, COMPONENT_NAME, COMPONENT_LIB_ID, COMPONENT_TYPE, CLONE_SET_ID) VALUES ('Enclave1SecurityMnRManager|org.cougaar.mlm.plugin.organization.OrgDataPlugin','Enclave1SecurityMnRManager|org.cougaar.mlm.plugin.organization.OrgDataPlugin','plugin|org.cougaar.mlm.plugin.organization.OrgDataPlugin','plugin',0.000000000000000000000000000000);
REPLACE INTO alib_component (COMPONENT_ALIB_ID, COMPONENT_NAME, COMPONENT_LIB_ID, COMPONENT_TYPE, CLONE_SET_ID) VALUES ('Enclave1SecurityMnRManager|org.cougaar.core.security.monitoring.plugin.EventQueryPlugin','Enclave1SecurityMnRManager|org.cougaar.core.security.monitoring.plugin.EventQueryPlugin','plugin|org.cougaar.core.security.monitoring.plugin.EventQueryPlugin','plugin',0.000000000000000000000000000000);
REPLACE INTO alib_component (COMPONENT_ALIB_ID, COMPONENT_NAME, COMPONENT_LIB_ID, COMPONENT_TYPE, CLONE_SET_ID) VALUES ('Enclave1SecurityMnRManager|org.cougaar.core.adaptivity.PlaybookManager','Enclave1SecurityMnRManager|org.cougaar.core.adaptivity.PlaybookManager','plugin|org.cougaar.core.adaptivity.PlaybookManager','plugin',0.000000000000000000000000000000);
REPLACE INTO alib_component (COMPONENT_ALIB_ID, COMPONENT_NAME, COMPONENT_LIB_ID, COMPONENT_TYPE, CLONE_SET_ID) VALUES ('Enclave1SecurityMnRManager|org.cougaar.core.adaptivity.AdaptivityEngine','Enclave1SecurityMnRManager|org.cougaar.core.adaptivity.AdaptivityEngine','plugin|org.cougaar.core.adaptivity.AdaptivityEngine','plugin',0.000000000000000000000000000000);
REPLACE INTO alib_component (COMPONENT_ALIB_ID, COMPONENT_NAME, COMPONENT_LIB_ID, COMPONENT_TYPE, CLONE_SET_ID) VALUES ('Enclave1SecurityMnRManager|org.cougaar.core.adaptivity.ConditionServiceProvider','Enclave1SecurityMnRManager|org.cougaar.core.adaptivity.ConditionServiceProvider','plugin|org.cougaar.core.adaptivity.ConditionServiceProvider','plugin',0.000000000000000000000000000000);
REPLACE INTO alib_component (COMPONENT_ALIB_ID, COMPONENT_NAME, COMPONENT_LIB_ID, COMPONENT_TYPE, CLONE_SET_ID) VALUES ('Enclave4SecurityMnRManager|org.cougaar.core.adaptivity.AdaptivityEngine','Enclave4SecurityMnRManager|org.cougaar.core.adaptivity.AdaptivityEngine','plugin|org.cougaar.core.adaptivity.AdaptivityEngine','plugin',0.000000000000000000000000000000);
REPLACE INTO alib_component (COMPONENT_ALIB_ID, COMPONENT_NAME, COMPONENT_LIB_ID, COMPONENT_TYPE, CLONE_SET_ID) VALUES ('Enclave4SecurityMnRManager|org.cougaar.core.adaptivity.ConditionServiceProvider','Enclave4SecurityMnRManager|org.cougaar.core.adaptivity.ConditionServiceProvider','plugin|org.cougaar.core.adaptivity.ConditionServiceProvider','plugin',0.000000000000000000000000000000);
REPLACE INTO alib_component (COMPONENT_ALIB_ID, COMPONENT_NAME, COMPONENT_LIB_ID, COMPONENT_TYPE, CLONE_SET_ID) VALUES ('Enclave4SecurityMnRManager|org.cougaar.core.adaptivity.OperatingModeServiceProvider','Enclave4SecurityMnRManager|org.cougaar.core.adaptivity.OperatingModeServiceProvider','plugin|org.cougaar.core.adaptivity.OperatingModeServiceProvider','plugin',0.000000000000000000000000000000);
REPLACE INTO alib_component (COMPONENT_ALIB_ID, COMPONENT_NAME, COMPONENT_LIB_ID, COMPONENT_TYPE, CLONE_SET_ID) VALUES ('Enclave4SecurityMnRManager|org.cougaar.core.adaptivity.PlaybookManager','Enclave4SecurityMnRManager|org.cougaar.core.adaptivity.PlaybookManager','plugin|org.cougaar.core.adaptivity.PlaybookManager','plugin',0.000000000000000000000000000000);
REPLACE INTO alib_component (COMPONENT_ALIB_ID, COMPONENT_NAME, COMPONENT_LIB_ID, COMPONENT_TYPE, CLONE_SET_ID) VALUES ('Enclave1SecurityMnRManager|org.cougaar.core.security.monitoring.servlet.MnRResponseViewerComponent','Enclave1SecurityMnRManager|org.cougaar.core.security.monitoring.servlet.MnRResponseViewerComponent','plugin|org.cougaar.core.security.monitoring.servlet.MnRResponseViewerComponent','plugin',0.000000000000000000000000000000);
REPLACE INTO alib_component (COMPONENT_ALIB_ID, COMPONENT_NAME, COMPONENT_LIB_ID, COMPONENT_TYPE, CLONE_SET_ID) VALUES ('Enclave4SecurityMnRManager|org.cougaar.core.security.monitoring.servlet.MnRResponseViewerComponent','Enclave4SecurityMnRManager|org.cougaar.core.security.monitoring.servlet.MnRResponseViewerComponent','plugin|org.cougaar.core.security.monitoring.servlet.MnRResponseViewerComponent','plugin',0.000000000000000000000000000000);
UNLOCK TABLES;

#
# Dumping data for table 'asb_agent'
#

LOCK TABLES asb_agent WRITE;
REPLACE INTO asb_agent (ASSEMBLY_ID, COMPONENT_ALIB_ID, COMPONENT_LIB_ID, CLONE_SET_ID, COMPONENT_NAME) VALUES ('RCP-0001-EnclaveSecurityMnRManagers-EnclaveSecurit','Enclave1SecurityMnRManager','Enclave1SecurityMnRManager',0.000000000000000000000000000000,'Enclave1SecurityMnRManager');
REPLACE INTO asb_agent (ASSEMBLY_ID, COMPONENT_ALIB_ID, COMPONENT_LIB_ID, CLONE_SET_ID, COMPONENT_NAME) VALUES ('RCP-0001-EnclaveSecurityMnRManagers-EnclaveSecurit','Enclave2SecurityMnRManager','Enclave2SecurityMnRManager',0.000000000000000000000000000000,'Enclave2SecurityMnRManager');
REPLACE INTO asb_agent (ASSEMBLY_ID, COMPONENT_ALIB_ID, COMPONENT_LIB_ID, CLONE_SET_ID, COMPONENT_NAME) VALUES ('RCP-0001-EnclaveSecurityMnRManagers-EnclaveSecurit','Enclave3SecurityMnRManager','Enclave3SecurityMnRManager',0.000000000000000000000000000000,'Enclave3SecurityMnRManager');
REPLACE INTO asb_agent (ASSEMBLY_ID, COMPONENT_ALIB_ID, COMPONENT_LIB_ID, CLONE_SET_ID, COMPONENT_NAME) VALUES ('RCP-0001-EnclaveSecurityMnRManagers-EnclaveSecurit','Enclave4SecurityMnRManager','Enclave4SecurityMnRManager',0.000000000000000000000000000000,'Enclave4SecurityMnRManager');
UNLOCK TABLES;

#
# Dumping data for table 'asb_agent_pg_attr'
#

LOCK TABLES asb_agent_pg_attr WRITE;
REPLACE INTO asb_agent_pg_attr (ASSEMBLY_ID, COMPONENT_ALIB_ID, PG_ATTRIBUTE_LIB_ID, ATTRIBUTE_VALUE, ATTRIBUTE_ORDER, START_DATE, END_DATE) VALUES ('RCP-0001-EnclaveSecurityMnRManagers-EnclaveSecurit','Enclave1SecurityMnRManager','ItemIdentificationPG|Nomenclature','UTC/RTOrg',0.000000000000000000000000000000,'2000-01-01 00:00:00',NULL);
REPLACE INTO asb_agent_pg_attr (ASSEMBLY_ID, COMPONENT_ALIB_ID, PG_ATTRIBUTE_LIB_ID, ATTRIBUTE_VALUE, ATTRIBUTE_ORDER, START_DATE, END_DATE) VALUES ('RCP-0001-EnclaveSecurityMnRManagers-EnclaveSecurit','Enclave1SecurityMnRManager','TypeIdentificationPG|TypeIdentification','UTC/RTOrg',0.000000000000000000000000000000,'2000-01-01 00:00:00',NULL);
REPLACE INTO asb_agent_pg_attr (ASSEMBLY_ID, COMPONENT_ALIB_ID, PG_ATTRIBUTE_LIB_ID, ATTRIBUTE_VALUE, ATTRIBUTE_ORDER, START_DATE, END_DATE) VALUES ('RCP-0001-EnclaveSecurityMnRManagers-EnclaveSecurit','Enclave2SecurityMnRManager','ClusterPG|ClusterIdentifier','Enclave2SecurityMnRManager',0.000000000000000000000000000000,'2000-01-01 00:00:00',NULL);
REPLACE INTO asb_agent_pg_attr (ASSEMBLY_ID, COMPONENT_ALIB_ID, PG_ATTRIBUTE_LIB_ID, ATTRIBUTE_VALUE, ATTRIBUTE_ORDER, START_DATE, END_DATE) VALUES ('RCP-0001-EnclaveSecurityMnRManagers-EnclaveSecurit','Enclave2SecurityMnRManager','ItemIdentificationPG|AlternateItemIdentification','Enclave2SecurityMnRManager',0.000000000000000000000000000000,'2000-01-01 00:00:00',NULL);
REPLACE INTO asb_agent_pg_attr (ASSEMBLY_ID, COMPONENT_ALIB_ID, PG_ATTRIBUTE_LIB_ID, ATTRIBUTE_VALUE, ATTRIBUTE_ORDER, START_DATE, END_DATE) VALUES ('RCP-0001-EnclaveSecurityMnRManagers-EnclaveSecurit','Enclave2SecurityMnRManager','ItemIdentificationPG|ItemIdentification','Enclave2SecurityMnRManager',0.000000000000000000000000000000,'2000-01-01 00:00:00',NULL);
REPLACE INTO asb_agent_pg_attr (ASSEMBLY_ID, COMPONENT_ALIB_ID, PG_ATTRIBUTE_LIB_ID, ATTRIBUTE_VALUE, ATTRIBUTE_ORDER, START_DATE, END_DATE) VALUES ('RCP-0001-EnclaveSecurityMnRManagers-EnclaveSecurit','Enclave2SecurityMnRManager','ItemIdentificationPG|Nomenclature','UTC/RTOrg',0.000000000000000000000000000000,'2000-01-01 00:00:00',NULL);
REPLACE INTO asb_agent_pg_attr (ASSEMBLY_ID, COMPONENT_ALIB_ID, PG_ATTRIBUTE_LIB_ID, ATTRIBUTE_VALUE, ATTRIBUTE_ORDER, START_DATE, END_DATE) VALUES ('RCP-0001-EnclaveSecurityMnRManagers-EnclaveSecurit','Enclave2SecurityMnRManager','TypeIdentificationPG|TypeIdentification','UTC/RTOrg',0.000000000000000000000000000000,'2000-01-01 00:00:00',NULL);
REPLACE INTO asb_agent_pg_attr (ASSEMBLY_ID, COMPONENT_ALIB_ID, PG_ATTRIBUTE_LIB_ID, ATTRIBUTE_VALUE, ATTRIBUTE_ORDER, START_DATE, END_DATE) VALUES ('RCP-0001-EnclaveSecurityMnRManagers-EnclaveSecurit','Enclave3SecurityMnRManager','ClusterPG|ClusterIdentifier','Enclave3SecurityMnRManager',0.000000000000000000000000000000,'2000-01-01 00:00:00',NULL);
REPLACE INTO asb_agent_pg_attr (ASSEMBLY_ID, COMPONENT_ALIB_ID, PG_ATTRIBUTE_LIB_ID, ATTRIBUTE_VALUE, ATTRIBUTE_ORDER, START_DATE, END_DATE) VALUES ('RCP-0001-EnclaveSecurityMnRManagers-EnclaveSecurit','Enclave3SecurityMnRManager','ItemIdentificationPG|AlternateItemIdentification','Enclave3SecurityMnRManager',0.000000000000000000000000000000,'2000-01-01 00:00:00',NULL);
REPLACE INTO asb_agent_pg_attr (ASSEMBLY_ID, COMPONENT_ALIB_ID, PG_ATTRIBUTE_LIB_ID, ATTRIBUTE_VALUE, ATTRIBUTE_ORDER, START_DATE, END_DATE) VALUES ('RCP-0001-EnclaveSecurityMnRManagers-EnclaveSecurit','Enclave3SecurityMnRManager','ItemIdentificationPG|ItemIdentification','Enclave3SecurityMnRManager',0.000000000000000000000000000000,'2000-01-01 00:00:00',NULL);
REPLACE INTO asb_agent_pg_attr (ASSEMBLY_ID, COMPONENT_ALIB_ID, PG_ATTRIBUTE_LIB_ID, ATTRIBUTE_VALUE, ATTRIBUTE_ORDER, START_DATE, END_DATE) VALUES ('RCP-0001-EnclaveSecurityMnRManagers-EnclaveSecurit','Enclave3SecurityMnRManager','ItemIdentificationPG|Nomenclature','UTC/RTOrg',0.000000000000000000000000000000,'2000-01-01 00:00:00',NULL);
REPLACE INTO asb_agent_pg_attr (ASSEMBLY_ID, COMPONENT_ALIB_ID, PG_ATTRIBUTE_LIB_ID, ATTRIBUTE_VALUE, ATTRIBUTE_ORDER, START_DATE, END_DATE) VALUES ('RCP-0001-EnclaveSecurityMnRManagers-EnclaveSecurit','Enclave3SecurityMnRManager','TypeIdentificationPG|TypeIdentification','UTC/RTOrg',0.000000000000000000000000000000,'2000-01-01 00:00:00',NULL);
REPLACE INTO asb_agent_pg_attr (ASSEMBLY_ID, COMPONENT_ALIB_ID, PG_ATTRIBUTE_LIB_ID, ATTRIBUTE_VALUE, ATTRIBUTE_ORDER, START_DATE, END_DATE) VALUES ('RCP-0001-EnclaveSecurityMnRManagers-EnclaveSecurit','Enclave4SecurityMnRManager','ClusterPG|ClusterIdentifier','Enclave4SecurityMnrManager',0.000000000000000000000000000000,'2000-01-01 00:00:00',NULL);
REPLACE INTO asb_agent_pg_attr (ASSEMBLY_ID, COMPONENT_ALIB_ID, PG_ATTRIBUTE_LIB_ID, ATTRIBUTE_VALUE, ATTRIBUTE_ORDER, START_DATE, END_DATE) VALUES ('RCP-0001-EnclaveSecurityMnRManagers-EnclaveSecurit','Enclave4SecurityMnRManager','ItemIdentificationPG|AlternateItemIdentification','Enclave4SecurityManager',0.000000000000000000000000000000,'2000-01-01 00:00:00',NULL);
REPLACE INTO asb_agent_pg_attr (ASSEMBLY_ID, COMPONENT_ALIB_ID, PG_ATTRIBUTE_LIB_ID, ATTRIBUTE_VALUE, ATTRIBUTE_ORDER, START_DATE, END_DATE) VALUES ('RCP-0001-EnclaveSecurityMnRManagers-EnclaveSecurit','Enclave4SecurityMnRManager','ItemIdentificationPG|ItemIdentification','Enclave4SecurityManager',0.000000000000000000000000000000,'2000-01-01 00:00:00',NULL);
REPLACE INTO asb_agent_pg_attr (ASSEMBLY_ID, COMPONENT_ALIB_ID, PG_ATTRIBUTE_LIB_ID, ATTRIBUTE_VALUE, ATTRIBUTE_ORDER, START_DATE, END_DATE) VALUES ('RCP-0001-EnclaveSecurityMnRManagers-EnclaveSecurit','Enclave4SecurityMnRManager','TypeIdentificationPG|TypeIdentification','UTC/RTOrg',0.000000000000000000000000000000,'2000-01-01 00:00:00',NULL);
REPLACE INTO asb_agent_pg_attr (ASSEMBLY_ID, COMPONENT_ALIB_ID, PG_ATTRIBUTE_LIB_ID, ATTRIBUTE_VALUE, ATTRIBUTE_ORDER, START_DATE, END_DATE) VALUES ('RCP-0001-EnclaveSecurityMnRManagers-EnclaveSecurit','Enclave4SecurityMnRManager','ItemIdentificationPG|Nomenclature','UTC/RTOrg',0.000000000000000000000000000000,'2000-01-01 00:00:00',NULL);
REPLACE INTO asb_agent_pg_attr (ASSEMBLY_ID, COMPONENT_ALIB_ID, PG_ATTRIBUTE_LIB_ID, ATTRIBUTE_VALUE, ATTRIBUTE_ORDER, START_DATE, END_DATE) VALUES ('RCP-0001-EnclaveSecurityMnRManagers-EnclaveSecurit','Enclave1SecurityMnRManager','ClusterPG|ClusterIdentifier','Enclave1SecurityMnRManager',0.000000000000000000000000000000,'2000-01-01 00:00:00',NULL);
REPLACE INTO asb_agent_pg_attr (ASSEMBLY_ID, COMPONENT_ALIB_ID, PG_ATTRIBUTE_LIB_ID, ATTRIBUTE_VALUE, ATTRIBUTE_ORDER, START_DATE, END_DATE) VALUES ('RCP-0001-EnclaveSecurityMnRManagers-EnclaveSecurit','Enclave1SecurityMnRManager','ItemIdentificationPG|AlternateItemIdentification','Enclave1SecurityMnRManager',0.000000000000000000000000000000,'2000-01-01 00:00:00',NULL);
REPLACE INTO asb_agent_pg_attr (ASSEMBLY_ID, COMPONENT_ALIB_ID, PG_ATTRIBUTE_LIB_ID, ATTRIBUTE_VALUE, ATTRIBUTE_ORDER, START_DATE, END_DATE) VALUES ('RCP-0001-EnclaveSecurityMnRManagers-EnclaveSecurit','Enclave1SecurityMnRManager','ItemIdentificationPG|ItemIdentification','Enclave1SecurityMnRManager',0.000000000000000000000000000000,'2000-01-01 00:00:00',NULL);
UNLOCK TABLES;

#
# Dumping data for table 'asb_agent_relation'
#

LOCK TABLES asb_agent_relation WRITE;
UNLOCK TABLES;

#
# Dumping data for table 'asb_assembly'
#

LOCK TABLES asb_assembly WRITE;
REPLACE INTO asb_assembly (ASSEMBLY_ID, ASSEMBLY_TYPE, DESCRIPTION) VALUES ('RCP-0001-EnclaveSecurityMnRManagers-EnclaveSecurit','RCP','EnclaveSecurityMnRManagers-cpy-cpy');
UNLOCK TABLES;

#
# Dumping data for table 'asb_component_arg'
#

LOCK TABLES asb_component_arg WRITE;
REPLACE INTO asb_component_arg (ASSEMBLY_ID, COMPONENT_ALIB_ID, ARGUMENT, ARGUMENT_ORDER) VALUES ('RCP-0001-EnclaveSecurityMnRManagers-EnclaveSecurit','Enclave4SecurityMnRManager|org.cougaar.core.security.monitoring.servlet.MnRResponseViewerComponent','/monitoringQueryViewer',1.000000000000000000000000000000);
REPLACE INTO asb_component_arg (ASSEMBLY_ID, COMPONENT_ALIB_ID, ARGUMENT, ARGUMENT_ORDER) VALUES ('RCP-0001-EnclaveSecurityMnRManagers-EnclaveSecurit','Enclave1SecurityMnRManager|org.cougaar.core.security.monitoring.servlet.MnRRegistrationViewerComponent','/monitoringRegistrationViewer',1.000000000000000000000000000000);
REPLACE INTO asb_component_arg (ASSEMBLY_ID, COMPONENT_ALIB_ID, ARGUMENT, ARGUMENT_ORDER) VALUES ('RCP-0001-EnclaveSecurityMnRManagers-EnclaveSecurit','Enclave4SecurityMnRManager|org.cougaar.core.security.monitoring.servlet.MnRRegistrationViewerComponent','/monitoringRegistrationViewer',1.000000000000000000000000000000);
REPLACE INTO asb_component_arg (ASSEMBLY_ID, COMPONENT_ALIB_ID, ARGUMENT, ARGUMENT_ORDER) VALUES ('RCP-0001-EnclaveSecurityMnRManagers-EnclaveSecurit','Enclave4SecurityMnRManager|org.cougaar.core.security.monitoring.plugin.EventQueryPlugin','org.cougaar.core.security.monitoring.plugin.AllMessageFailures',2.000000000000000000000000000000);
REPLACE INTO asb_component_arg (ASSEMBLY_ID, COMPONENT_ALIB_ID, ARGUMENT, ARGUMENT_ORDER) VALUES ('RCP-0001-EnclaveSecurityMnRManagers-EnclaveSecurit','Enclave4SecurityMnRManager|org.cougaar.core.security.monitoring.plugin.EventQueryPlugin','Enclave4SecurityMnRManager',1.000000000000000000000000000000);
REPLACE INTO asb_component_arg (ASSEMBLY_ID, COMPONENT_ALIB_ID, ARGUMENT, ARGUMENT_ORDER) VALUES ('RCP-0001-EnclaveSecurityMnRManagers-EnclaveSecurit','Enclave4SecurityMnRManager|org.cougaar.core.adaptivity.PlaybookManager','AMnRPlaysEnclave.txt',1.000000000000000000000000000000);
REPLACE INTO asb_component_arg (ASSEMBLY_ID, COMPONENT_ALIB_ID, ARGUMENT, ARGUMENT_ORDER) VALUES ('RCP-0001-EnclaveSecurityMnRManagers-EnclaveSecurit','Enclave4SecurityMnRManager|org.cougaar.core.servlet.BlackboardServletComponent','/aeviewer',2.000000000000000000000000000000);
REPLACE INTO asb_component_arg (ASSEMBLY_ID, COMPONENT_ALIB_ID, ARGUMENT, ARGUMENT_ORDER) VALUES ('RCP-0001-EnclaveSecurityMnRManagers-EnclaveSecurit','Enclave4SecurityMnRManager|org.cougaar.core.servlet.BlackboardServletComponent','org.cougaar.core.adaptivity.AEViewerServlet',1.000000000000000000000000000000);
REPLACE INTO asb_component_arg (ASSEMBLY_ID, COMPONENT_ALIB_ID, ARGUMENT, ARGUMENT_ORDER) VALUES ('RCP-0001-EnclaveSecurityMnRManagers-EnclaveSecurit','Enclave4SecurityMnRManager','Enclave4SecurityMnRManager',1.000000000000000000000000000000);
REPLACE INTO asb_component_arg (ASSEMBLY_ID, COMPONENT_ALIB_ID, ARGUMENT, ARGUMENT_ORDER) VALUES ('RCP-0001-EnclaveSecurityMnRManagers-EnclaveSecurit','Enclave3SecurityMnRManager|org.cougaar.core.security.monitoring.servlet.MnRResponseViewerComponent','/monitoringQueryViewer',1.000000000000000000000000000000);
REPLACE INTO asb_component_arg (ASSEMBLY_ID, COMPONENT_ALIB_ID, ARGUMENT, ARGUMENT_ORDER) VALUES ('RCP-0001-EnclaveSecurityMnRManagers-EnclaveSecurit','Enclave3SecurityMnRManager|org.cougaar.core.security.monitoring.servlet.MnRRegistrationViewerComponent','/monitoringRegistrationViewer',1.000000000000000000000000000000);
REPLACE INTO asb_component_arg (ASSEMBLY_ID, COMPONENT_ALIB_ID, ARGUMENT, ARGUMENT_ORDER) VALUES ('RCP-0001-EnclaveSecurityMnRManagers-EnclaveSecurit','Enclave3SecurityMnRManager|org.cougaar.core.security.monitoring.plugin.EventQueryPlugin','org.cougaar.core.security.monitoring.plugin.AllMessageFailures',2.000000000000000000000000000000);
REPLACE INTO asb_component_arg (ASSEMBLY_ID, COMPONENT_ALIB_ID, ARGUMENT, ARGUMENT_ORDER) VALUES ('RCP-0001-EnclaveSecurityMnRManagers-EnclaveSecurit','Enclave3SecurityMnRManager|org.cougaar.core.security.monitoring.plugin.EventQueryPlugin','Enclave3SecurityMnRManager',1.000000000000000000000000000000);
REPLACE INTO asb_component_arg (ASSEMBLY_ID, COMPONENT_ALIB_ID, ARGUMENT, ARGUMENT_ORDER) VALUES ('RCP-0001-EnclaveSecurityMnRManagers-EnclaveSecurit','Enclave3SecurityMnRManager|org.cougaar.core.adaptivity.PlaybookManager','AMnRPlaysEnclave.txt',1.000000000000000000000000000000);
REPLACE INTO asb_component_arg (ASSEMBLY_ID, COMPONENT_ALIB_ID, ARGUMENT, ARGUMENT_ORDER) VALUES ('RCP-0001-EnclaveSecurityMnRManagers-EnclaveSecurit','Enclave3SecurityMnRManager|org.cougaar.core.servlet.BlackboardServletComponent','/aeviewer',2.000000000000000000000000000000);
REPLACE INTO asb_component_arg (ASSEMBLY_ID, COMPONENT_ALIB_ID, ARGUMENT, ARGUMENT_ORDER) VALUES ('RCP-0001-EnclaveSecurityMnRManagers-EnclaveSecurit','Enclave3SecurityMnRManager|org.cougaar.core.servlet.BlackboardServletComponent','org.cougaar.core.adaptivity.AEViewerServlet',1.000000000000000000000000000000);
REPLACE INTO asb_component_arg (ASSEMBLY_ID, COMPONENT_ALIB_ID, ARGUMENT, ARGUMENT_ORDER) VALUES ('RCP-0001-EnclaveSecurityMnRManagers-EnclaveSecurit','Enclave3SecurityMnRManager','Enclave3SecurityMnRManager',1.000000000000000000000000000000);
REPLACE INTO asb_component_arg (ASSEMBLY_ID, COMPONENT_ALIB_ID, ARGUMENT, ARGUMENT_ORDER) VALUES ('RCP-0001-EnclaveSecurityMnRManagers-EnclaveSecurit','Enclave2SecurityMnRManager|org.cougaar.core.security.monitoring.servlet.MnRResponseViewerComponent','/monitoringQueryViewer',1.000000000000000000000000000000);
REPLACE INTO asb_component_arg (ASSEMBLY_ID, COMPONENT_ALIB_ID, ARGUMENT, ARGUMENT_ORDER) VALUES ('RCP-0001-EnclaveSecurityMnRManagers-EnclaveSecurit','Enclave2SecurityMnRManager|org.cougaar.core.security.monitoring.servlet.MnRRegistrationViewerComponent','/monitoringRegistrationViewer',1.000000000000000000000000000000);
REPLACE INTO asb_component_arg (ASSEMBLY_ID, COMPONENT_ALIB_ID, ARGUMENT, ARGUMENT_ORDER) VALUES ('RCP-0001-EnclaveSecurityMnRManagers-EnclaveSecurit','Enclave2SecurityMnRManager|org.cougaar.core.security.monitoring.plugin.EventQueryPlugin','org.cougaar.core.security.monitoring.plugin.AllMessageFailures',2.000000000000000000000000000000);
REPLACE INTO asb_component_arg (ASSEMBLY_ID, COMPONENT_ALIB_ID, ARGUMENT, ARGUMENT_ORDER) VALUES ('RCP-0001-EnclaveSecurityMnRManagers-EnclaveSecurit','Enclave2SecurityMnRManager|org.cougaar.core.security.monitoring.plugin.EventQueryPlugin','Enclave4SecurityMnRManager',1.000000000000000000000000000000);
REPLACE INTO asb_component_arg (ASSEMBLY_ID, COMPONENT_ALIB_ID, ARGUMENT, ARGUMENT_ORDER) VALUES ('RCP-0001-EnclaveSecurityMnRManagers-EnclaveSecurit','Enclave2SecurityMnRManager|org.cougaar.core.servlet.BlackboardServletComponent','/aeviewer',2.000000000000000000000000000000);
REPLACE INTO asb_component_arg (ASSEMBLY_ID, COMPONENT_ALIB_ID, ARGUMENT, ARGUMENT_ORDER) VALUES ('RCP-0001-EnclaveSecurityMnRManagers-EnclaveSecurit','Enclave2SecurityMnRManager|org.cougaar.core.adaptivity.PlaybookManager','AMnRPlaysEnclave.txt',1.000000000000000000000000000000);
REPLACE INTO asb_component_arg (ASSEMBLY_ID, COMPONENT_ALIB_ID, ARGUMENT, ARGUMENT_ORDER) VALUES ('RCP-0001-EnclaveSecurityMnRManagers-EnclaveSecurit','Enclave2SecurityMnRManager','Enclave2SecurityMnRManager',1.000000000000000000000000000000);
REPLACE INTO asb_component_arg (ASSEMBLY_ID, COMPONENT_ALIB_ID, ARGUMENT, ARGUMENT_ORDER) VALUES ('RCP-0001-EnclaveSecurityMnRManagers-EnclaveSecurit','Enclave2SecurityMnRManager|org.cougaar.core.servlet.BlackboardServletComponent','org.cougaar.core.adaptivity.AEViewerServlet',1.000000000000000000000000000000);
REPLACE INTO asb_component_arg (ASSEMBLY_ID, COMPONENT_ALIB_ID, ARGUMENT, ARGUMENT_ORDER) VALUES ('RCP-0001-EnclaveSecurityMnRManagers-EnclaveSecurit','Enclave1SecurityMnRManager|org.cougaar.core.security.monitoring.servlet.MnRResponseViewerComponent','/monitoringQueryViewer',1.000000000000000000000000000000);
REPLACE INTO asb_component_arg (ASSEMBLY_ID, COMPONENT_ALIB_ID, ARGUMENT, ARGUMENT_ORDER) VALUES ('RCP-0001-EnclaveSecurityMnRManagers-EnclaveSecurit','Enclave1SecurityMnRManager','Enclave1SecurityMnRManager',1.000000000000000000000000000000);
REPLACE INTO asb_component_arg (ASSEMBLY_ID, COMPONENT_ALIB_ID, ARGUMENT, ARGUMENT_ORDER) VALUES ('RCP-0001-EnclaveSecurityMnRManagers-EnclaveSecurit','Enclave1SecurityMnRManager|org.cougaar.core.servlet.BlackboardServletComponent','org.cougaar.core.adaptivity.AEViewerServlet',1.000000000000000000000000000000);
REPLACE INTO asb_component_arg (ASSEMBLY_ID, COMPONENT_ALIB_ID, ARGUMENT, ARGUMENT_ORDER) VALUES ('RCP-0001-EnclaveSecurityMnRManagers-EnclaveSecurit','Enclave1SecurityMnRManager|org.cougaar.core.security.monitoring.plugin.EventQueryPlugin','Enclave1SecurityMnRManager',1.000000000000000000000000000000);
REPLACE INTO asb_component_arg (ASSEMBLY_ID, COMPONENT_ALIB_ID, ARGUMENT, ARGUMENT_ORDER) VALUES ('RCP-0001-EnclaveSecurityMnRManagers-EnclaveSecurit','Enclave1SecurityMnRManager|org.cougaar.core.security.monitoring.plugin.EventQueryPlugin','org.cougaar.core.security.monitoring.plugin.AllMessageFailures',2.000000000000000000000000000000);
REPLACE INTO asb_component_arg (ASSEMBLY_ID, COMPONENT_ALIB_ID, ARGUMENT, ARGUMENT_ORDER) VALUES ('RCP-0001-EnclaveSecurityMnRManagers-EnclaveSecurit','Enclave1SecurityMnRManager|org.cougaar.core.servlet.BlackboardServletComponent','/aeviewer',2.000000000000000000000000000000);
REPLACE INTO asb_component_arg (ASSEMBLY_ID, COMPONENT_ALIB_ID, ARGUMENT, ARGUMENT_ORDER) VALUES ('RCP-0001-EnclaveSecurityMnRManagers-EnclaveSecurit','Enclave1SecurityMnRManager|org.cougaar.core.adaptivity.PlaybookManager','AMnRPlaysEnclave.txt',1.000000000000000000000000000000);
UNLOCK TABLES;

#
# Dumping data for table 'asb_component_hierarchy'
#

LOCK TABLES asb_component_hierarchy WRITE;

REPLACE INTO asb_component_hierarchy (ASSEMBLY_ID, COMPONENT_ALIB_ID, PARENT_COMPONENT_ALIB_ID, PRIORITY, INSERTION_ORDER) VALUES ('RCP-0001-EnclaveSecurityMnRManagers-EnclaveSecurit','Enclave1SecurityMnRManager','EnclaveSecurityMnRManagers-cpy','COMPONENT',0.000000000000000000000000000000);
REPLACE INTO asb_component_hierarchy (ASSEMBLY_ID, COMPONENT_ALIB_ID, PARENT_COMPONENT_ALIB_ID, PRIORITY, INSERTION_ORDER) VALUES ('RCP-0001-EnclaveSecurityMnRManagers-EnclaveSecurit','Enclave1SecurityMnRManager|org.cougaar.mlm.plugin.organization.OrgReportPlugin','Enclave1SecurityMnRManager','COMPONENT',0.000000000000000000000000000000);
REPLACE INTO asb_component_hierarchy (ASSEMBLY_ID, COMPONENT_ALIB_ID, PARENT_COMPONENT_ALIB_ID, PRIORITY, INSERTION_ORDER) VALUES ('RCP-0001-EnclaveSecurityMnRManagers-EnclaveSecurit','Enclave1SecurityMnRManager|org.cougaar.core.security.monitoring.plugin.CapabilitiesProcessingPlugin','Enclave1SecurityMnRManager','COMPONENT',1.000000000000000000000000000000);
REPLACE INTO asb_component_hierarchy (ASSEMBLY_ID, COMPONENT_ALIB_ID, PARENT_COMPONENT_ALIB_ID, PRIORITY, INSERTION_ORDER) VALUES ('RCP-0001-EnclaveSecurityMnRManagers-EnclaveSecurit','Enclave1SecurityMnRManager|org.cougaar.core.security.monitoring.plugin.CapabilitiesConsolidationPlugin','Enclave1SecurityMnRManager','COMPONENT',2.000000000000000000000000000000);
REPLACE INTO asb_component_hierarchy (ASSEMBLY_ID, COMPONENT_ALIB_ID, PARENT_COMPONENT_ALIB_ID, PRIORITY, INSERTION_ORDER) VALUES ('RCP-0001-EnclaveSecurityMnRManagers-EnclaveSecurit','Enclave1SecurityMnRManager|org.cougaar.core.security.monitoring.plugin.MnRQueryReceiverPlugin','Enclave1SecurityMnRManager','COMPONENT',3.000000000000000000000000000000);
REPLACE INTO asb_component_hierarchy (ASSEMBLY_ID, COMPONENT_ALIB_ID, PARENT_COMPONENT_ALIB_ID, PRIORITY, INSERTION_ORDER) VALUES ('RCP-0001-EnclaveSecurityMnRManagers-EnclaveSecurit','Enclave1SecurityMnRManager|org.cougaar.core.security.monitoring.plugin.MnRQueryResponderPlugin','Enclave1SecurityMnRManager','COMPONENT',4.000000000000000000000000000000);
REPLACE INTO asb_component_hierarchy (ASSEMBLY_ID, COMPONENT_ALIB_ID, PARENT_COMPONENT_ALIB_ID, PRIORITY, INSERTION_ORDER) VALUES ('RCP-0001-EnclaveSecurityMnRManagers-EnclaveSecurit','Enclave1SecurityMnRManager|org.cougaar.core.servlet.BlackboardServletComponent','Enclave1SecurityMnRManager','COMPONENT',5.000000000000000000000000000000);
REPLACE INTO asb_component_hierarchy (ASSEMBLY_ID, COMPONENT_ALIB_ID, PARENT_COMPONENT_ALIB_ID, PRIORITY, INSERTION_ORDER) VALUES ('RCP-0001-EnclaveSecurityMnRManagers-EnclaveSecurit','Enclave1SecurityMnRManager|org.cougaar.core.adaptivity.OperatingModeServiceProvider','Enclave1SecurityMnRManager','COMPONENT',8.000000000000000000000000000000);
REPLACE INTO asb_component_hierarchy (ASSEMBLY_ID, COMPONENT_ALIB_ID, PARENT_COMPONENT_ALIB_ID, PRIORITY, INSERTION_ORDER) VALUES ('RCP-0001-EnclaveSecurityMnRManagers-EnclaveSecurit','Enclave1SecurityMnRManager|org.cougaar.core.security.monitoring.servlet.MnRRegistrationViewerComponent','Enclave1SecurityMnRManager','COMPONENT',12.000000000000000000000000000000);
REPLACE INTO asb_component_hierarchy (ASSEMBLY_ID, COMPONENT_ALIB_ID, PARENT_COMPONENT_ALIB_ID, PRIORITY, INSERTION_ORDER) VALUES ('RCP-0001-EnclaveSecurityMnRManagers-EnclaveSecurit','Enclave1SecurityMnRManager|org.cougaar.mlm.plugin.organization.OrgDataPlugin','Enclave1SecurityMnRManager','COMPONENT',11.000000000000000000000000000000);
REPLACE INTO asb_component_hierarchy (ASSEMBLY_ID, COMPONENT_ALIB_ID, PARENT_COMPONENT_ALIB_ID, PRIORITY, INSERTION_ORDER) VALUES ('RCP-0001-EnclaveSecurityMnRManagers-EnclaveSecurit','Enclave1SecurityMnRManager|org.cougaar.core.security.monitoring.plugin.EventQueryPlugin','Enclave1SecurityMnRManager','COMPONENT',10.000000000000000000000000000000);
REPLACE INTO asb_component_hierarchy (ASSEMBLY_ID, COMPONENT_ALIB_ID, PARENT_COMPONENT_ALIB_ID, PRIORITY, INSERTION_ORDER) VALUES ('RCP-0001-EnclaveSecurityMnRManagers-EnclaveSecurit','Enclave1SecurityMnRManager|org.cougaar.core.adaptivity.PlaybookManager','Enclave1SecurityMnRManager','COMPONENT',9.000000000000000000000000000000);
REPLACE INTO asb_component_hierarchy (ASSEMBLY_ID, COMPONENT_ALIB_ID, PARENT_COMPONENT_ALIB_ID, PRIORITY, INSERTION_ORDER) VALUES ('RCP-0001-EnclaveSecurityMnRManagers-EnclaveSecurit','Enclave1SecurityMnRManager|org.cougaar.core.adaptivity.AdaptivityEngine','Enclave1SecurityMnRManager','COMPONENT',6.000000000000000000000000000000);
REPLACE INTO asb_component_hierarchy (ASSEMBLY_ID, COMPONENT_ALIB_ID, PARENT_COMPONENT_ALIB_ID, PRIORITY, INSERTION_ORDER) VALUES ('RCP-0001-EnclaveSecurityMnRManagers-EnclaveSecurit','Enclave1SecurityMnRManager|org.cougaar.core.adaptivity.ConditionServiceProvider','Enclave1SecurityMnRManager','COMPONENT',7.000000000000000000000000000000);
REPLACE INTO asb_component_hierarchy (ASSEMBLY_ID, COMPONENT_ALIB_ID, PARENT_COMPONENT_ALIB_ID, PRIORITY, INSERTION_ORDER) VALUES ('RCP-0001-EnclaveSecurityMnRManagers-EnclaveSecurit','Enclave1SecurityMnRManager|org.cougaar.core.security.monitoring.servlet.MnRResponseViewerComponent','Enclave1SecurityMnRManager','COMPONENT',13.000000000000000000000000000000);

REPLACE INTO asb_component_hierarchy (ASSEMBLY_ID, COMPONENT_ALIB_ID, PARENT_COMPONENT_ALIB_ID, PRIORITY, INSERTION_ORDER) VALUES ('RCP-0001-EnclaveSecurityMnRManagers-EnclaveSecurit','Enclave2SecurityMnRManager|org.cougaar.core.security.monitoring.plugin.MnRQueryReceiverPlugin','Enclave2SecurityMnRManager','COMPONENT',3.000000000000000000000000000000);
REPLACE INTO asb_component_hierarchy (ASSEMBLY_ID, COMPONENT_ALIB_ID, PARENT_COMPONENT_ALIB_ID, PRIORITY, INSERTION_ORDER) VALUES ('RCP-0001-EnclaveSecurityMnRManagers-EnclaveSecurit','Enclave2SecurityMnRManager|org.cougaar.core.security.monitoring.plugin.MnRQueryResponderPlugin','Enclave2SecurityMnRManager','COMPONENT',4.000000000000000000000000000000);
REPLACE INTO asb_component_hierarchy (ASSEMBLY_ID, COMPONENT_ALIB_ID, PARENT_COMPONENT_ALIB_ID, PRIORITY, INSERTION_ORDER) VALUES ('RCP-0001-EnclaveSecurityMnRManagers-EnclaveSecurit','Enclave2SecurityMnRManager|org.cougaar.mlm.plugin.organization.OrgReportPlugin','Enclave2SecurityMnRManager','COMPONENT',0.000000000000000000000000000000);
REPLACE INTO asb_component_hierarchy (ASSEMBLY_ID, COMPONENT_ALIB_ID, PARENT_COMPONENT_ALIB_ID, PRIORITY, INSERTION_ORDER) VALUES ('RCP-0001-EnclaveSecurityMnRManagers-EnclaveSecurit','Enclave2SecurityMnRManager|org.cougaar.core.security.monitoring.plugin.CapabilitiesProcessingPlugin','Enclave2SecurityMnRManager','COMPONENT',1.000000000000000000000000000000);
REPLACE INTO asb_component_hierarchy (ASSEMBLY_ID, COMPONENT_ALIB_ID, PARENT_COMPONENT_ALIB_ID, PRIORITY, INSERTION_ORDER) VALUES ('RCP-0001-EnclaveSecurityMnRManagers-EnclaveSecurit','Enclave2SecurityMnRManager|org.cougaar.core.adaptivity.AdaptivityEngine','Enclave2SecurityMnRManager','COMPONENT',5.000000000000000000000000000000);
REPLACE INTO asb_component_hierarchy (ASSEMBLY_ID, COMPONENT_ALIB_ID, PARENT_COMPONENT_ALIB_ID, PRIORITY, INSERTION_ORDER) VALUES ('RCP-0001-EnclaveSecurityMnRManagers-EnclaveSecurit','Enclave2SecurityMnRManager|org.cougaar.core.adaptivity.ConditionServiceProvider','Enclave2SecurityMnRManager','COMPONENT',6.000000000000000000000000000000);
REPLACE INTO asb_component_hierarchy (ASSEMBLY_ID, COMPONENT_ALIB_ID, PARENT_COMPONENT_ALIB_ID, PRIORITY, INSERTION_ORDER) VALUES ('RCP-0001-EnclaveSecurityMnRManagers-EnclaveSecurit','Enclave2SecurityMnRManager|org.cougaar.core.adaptivity.OperatingModeServiceProvider','Enclave2SecurityMnRManager','COMPONENT',7.000000000000000000000000000000);
REPLACE INTO asb_component_hierarchy (ASSEMBLY_ID, COMPONENT_ALIB_ID, PARENT_COMPONENT_ALIB_ID, PRIORITY, INSERTION_ORDER) VALUES ('RCP-0001-EnclaveSecurityMnRManagers-EnclaveSecurit','Enclave2SecurityMnRManager|org.cougaar.core.servlet.BlackboardServletComponent','Enclave2SecurityMnRManager','COMPONENT',8.000000000000000000000000000000);
REPLACE INTO asb_component_hierarchy (ASSEMBLY_ID, COMPONENT_ALIB_ID, PARENT_COMPONENT_ALIB_ID, PRIORITY, INSERTION_ORDER) VALUES ('RCP-0001-EnclaveSecurityMnRManagers-EnclaveSecurit','Enclave2SecurityMnRManager|org.cougaar.core.adaptivity.PlaybookManager','Enclave2SecurityMnRManager','COMPONENT',9.000000000000000000000000000000);
REPLACE INTO asb_component_hierarchy (ASSEMBLY_ID, COMPONENT_ALIB_ID, PARENT_COMPONENT_ALIB_ID, PRIORITY, INSERTION_ORDER) VALUES ('RCP-0001-EnclaveSecurityMnRManagers-EnclaveSecurit','Enclave2SecurityMnRManager|org.cougaar.core.security.monitoring.plugin.EventQueryPlugin','Enclave2SecurityMnRManager','COMPONENT',10.000000000000000000000000000000);
REPLACE INTO asb_component_hierarchy (ASSEMBLY_ID, COMPONENT_ALIB_ID, PARENT_COMPONENT_ALIB_ID, PRIORITY, INSERTION_ORDER) VALUES ('RCP-0001-EnclaveSecurityMnRManagers-EnclaveSecurit','Enclave2SecurityMnRManager|org.cougaar.mlm.plugin.organization.OrgDataPlugin','Enclave2SecurityMnRManager','COMPONENT',11.000000000000000000000000000000);
REPLACE INTO asb_component_hierarchy (ASSEMBLY_ID, COMPONENT_ALIB_ID, PARENT_COMPONENT_ALIB_ID, PRIORITY, INSERTION_ORDER) VALUES ('RCP-0001-EnclaveSecurityMnRManagers-EnclaveSecurit','Enclave2SecurityMnRManager|org.cougaar.core.security.monitoring.servlet.MnRRegistrationViewerComponent','Enclave2SecurityMnRManager','COMPONENT',12.000000000000000000000000000000);
REPLACE INTO asb_component_hierarchy (ASSEMBLY_ID, COMPONENT_ALIB_ID, PARENT_COMPONENT_ALIB_ID, PRIORITY, INSERTION_ORDER) VALUES ('RCP-0001-EnclaveSecurityMnRManagers-EnclaveSecurit','Enclave2SecurityMnRManager|org.cougaar.core.security.monitoring.servlet.MnRResponseViewerComponent','Enclave2SecurityMnRManager','COMPONENT',13.000000000000000000000000000000);
REPLACE INTO asb_component_hierarchy (ASSEMBLY_ID, COMPONENT_ALIB_ID, PARENT_COMPONENT_ALIB_ID, PRIORITY, INSERTION_ORDER) VALUES ('RCP-0001-EnclaveSecurityMnRManagers-EnclaveSecurit','Enclave2SecurityMnRManager|org.cougaar.core.security.monitoring.plugin.CapabilitiesConsolidationPlugin','Enclave2SecurityMnRManager','COMPONENT',2.000000000000000000000000000000);
REPLACE INTO asb_component_hierarchy (ASSEMBLY_ID, COMPONENT_ALIB_ID, PARENT_COMPONENT_ALIB_ID, PRIORITY, INSERTION_ORDER) VALUES ('RCP-0001-EnclaveSecurityMnRManagers-EnclaveSecurit','Enclave2SecurityMnRManager','EnclaveSecurityMnRManagers-cpy','COMPONENT',1.000000000000000000000000000000);


REPLACE INTO asb_component_hierarchy (ASSEMBLY_ID, COMPONENT_ALIB_ID, PARENT_COMPONENT_ALIB_ID, PRIORITY, INSERTION_ORDER) VALUES ('RCP-0001-EnclaveSecurityMnRManagers-EnclaveSecurit','Enclave3SecurityMnRManager|org.cougaar.core.servlet.BlackboardServletComponent','Enclave3SecurityMnRManager','COMPONENT',5.000000000000000000000000000000);
REPLACE INTO asb_component_hierarchy (ASSEMBLY_ID, COMPONENT_ALIB_ID, PARENT_COMPONENT_ALIB_ID, PRIORITY, INSERTION_ORDER) VALUES ('RCP-0001-EnclaveSecurityMnRManagers-EnclaveSecurit','Enclave3SecurityMnRManager|org.cougaar.core.adaptivity.AdaptivityEngine','Enclave3SecurityMnRManager','COMPONENT',6.000000000000000000000000000000);
REPLACE INTO asb_component_hierarchy (ASSEMBLY_ID, COMPONENT_ALIB_ID, PARENT_COMPONENT_ALIB_ID, PRIORITY, INSERTION_ORDER) VALUES ('RCP-0001-EnclaveSecurityMnRManagers-EnclaveSecurit','Enclave3SecurityMnRManager|org.cougaar.core.adaptivity.ConditionServiceProvider','Enclave3SecurityMnRManager','COMPONENT',7.000000000000000000000000000000);
REPLACE INTO asb_component_hierarchy (ASSEMBLY_ID, COMPONENT_ALIB_ID, PARENT_COMPONENT_ALIB_ID, PRIORITY, INSERTION_ORDER) VALUES ('RCP-0001-EnclaveSecurityMnRManagers-EnclaveSecurit','Enclave3SecurityMnRManager|org.cougaar.core.adaptivity.OperatingModeServiceProvider','Enclave3SecurityMnRManager','COMPONENT',8.000000000000000000000000000000);
REPLACE INTO asb_component_hierarchy (ASSEMBLY_ID, COMPONENT_ALIB_ID, PARENT_COMPONENT_ALIB_ID, PRIORITY, INSERTION_ORDER) VALUES ('RCP-0001-EnclaveSecurityMnRManagers-EnclaveSecurit','Enclave3SecurityMnRManager|org.cougaar.core.adaptivity.PlaybookManager','Enclave3SecurityMnRManager','COMPONENT',9.000000000000000000000000000000);
REPLACE INTO asb_component_hierarchy (ASSEMBLY_ID, COMPONENT_ALIB_ID, PARENT_COMPONENT_ALIB_ID, PRIORITY, INSERTION_ORDER) VALUES ('RCP-0001-EnclaveSecurityMnRManagers-EnclaveSecurit','Enclave3SecurityMnRManager|org.cougaar.core.security.monitoring.plugin.EventQueryPlugin','Enclave3SecurityMnRManager','COMPONENT',10.000000000000000000000000000000);
REPLACE INTO asb_component_hierarchy (ASSEMBLY_ID, COMPONENT_ALIB_ID, PARENT_COMPONENT_ALIB_ID, PRIORITY, INSERTION_ORDER) VALUES ('RCP-0001-EnclaveSecurityMnRManagers-EnclaveSecurit','Enclave3SecurityMnRManager|org.cougaar.mlm.plugin.organization.OrgDataPlugin','Enclave3SecurityMnRManager','COMPONENT',11.000000000000000000000000000000);
REPLACE INTO asb_component_hierarchy (ASSEMBLY_ID, COMPONENT_ALIB_ID, PARENT_COMPONENT_ALIB_ID, PRIORITY, INSERTION_ORDER) VALUES ('RCP-0001-EnclaveSecurityMnRManagers-EnclaveSecurit','Enclave3SecurityMnRManager|org.cougaar.core.security.monitoring.servlet.MnRRegistrationViewerComponent','Enclave3SecurityMnRManager','COMPONENT',12.000000000000000000000000000000);
REPLACE INTO asb_component_hierarchy (ASSEMBLY_ID, COMPONENT_ALIB_ID, PARENT_COMPONENT_ALIB_ID, PRIORITY, INSERTION_ORDER) VALUES ('RCP-0001-EnclaveSecurityMnRManagers-EnclaveSecurit','Enclave3SecurityMnRManager|org.cougaar.core.security.monitoring.servlet.MnRResponseViewerComponent','Enclave3SecurityMnRManager','COMPONENT',13.000000000000000000000000000000);
REPLACE INTO asb_component_hierarchy (ASSEMBLY_ID, COMPONENT_ALIB_ID, PARENT_COMPONENT_ALIB_ID, PRIORITY, INSERTION_ORDER) VALUES ('RCP-0001-EnclaveSecurityMnRManagers-EnclaveSecurit','Enclave3SecurityMnRManager|org.cougaar.core.security.monitoring.plugin.MnRQueryResponderPlugin','Enclave3SecurityMnRManager','COMPONENT',4.000000000000000000000000000000);
REPLACE INTO asb_component_hierarchy (ASSEMBLY_ID, COMPONENT_ALIB_ID, PARENT_COMPONENT_ALIB_ID, PRIORITY, INSERTION_ORDER) VALUES ('RCP-0001-EnclaveSecurityMnRManagers-EnclaveSecurit','Enclave3SecurityMnRManager','EnclaveSecurityMnRManagers-cpy','COMPONENT',2.000000000000000000000000000000);
REPLACE INTO asb_component_hierarchy (ASSEMBLY_ID, COMPONENT_ALIB_ID, PARENT_COMPONENT_ALIB_ID, PRIORITY, INSERTION_ORDER) VALUES ('RCP-0001-EnclaveSecurityMnRManagers-EnclaveSecurit','Enclave3SecurityMnRManager|org.cougaar.mlm.plugin.organization.OrgReportPlugin','Enclave3SecurityMnRManager','COMPONENT',0.000000000000000000000000000000);
REPLACE INTO asb_component_hierarchy (ASSEMBLY_ID, COMPONENT_ALIB_ID, PARENT_COMPONENT_ALIB_ID, PRIORITY, INSERTION_ORDER) VALUES ('RCP-0001-EnclaveSecurityMnRManagers-EnclaveSecurit','Enclave3SecurityMnRManager|org.cougaar.core.security.monitoring.plugin.CapabilitiesConsolidationPlugin','Enclave3SecurityMnRManager','COMPONENT',1.000000000000000000000000000000);
REPLACE INTO asb_component_hierarchy (ASSEMBLY_ID, COMPONENT_ALIB_ID, PARENT_COMPONENT_ALIB_ID, PRIORITY, INSERTION_ORDER) VALUES ('RCP-0001-EnclaveSecurityMnRManagers-EnclaveSecurit','Enclave3SecurityMnRManager|org.cougaar.core.security.monitoring.plugin.CapabilitiesProcessingPlugin','Enclave3SecurityMnRManager','COMPONENT',2.000000000000000000000000000000);
REPLACE INTO asb_component_hierarchy (ASSEMBLY_ID, COMPONENT_ALIB_ID, PARENT_COMPONENT_ALIB_ID, PRIORITY, INSERTION_ORDER) VALUES ('RCP-0001-EnclaveSecurityMnRManagers-EnclaveSecurit','Enclave3SecurityMnRManager|org.cougaar.core.security.monitoring.plugin.MnRQueryReceiverPlugin','Enclave3SecurityMnRManager','COMPONENT',3.000000000000000000000000000000);


REPLACE INTO asb_component_hierarchy (ASSEMBLY_ID, COMPONENT_ALIB_ID, PARENT_COMPONENT_ALIB_ID, PRIORITY, INSERTION_ORDER) VALUES ('RCP-0001-EnclaveSecurityMnRManagers-EnclaveSecurit','Enclave4SecurityMnRManager|org.cougaar.core.security.monitoring.plugin.MnRQueryResponderPlugin','Enclave4SecurityMnRManager','COMPONENT',4.000000000000000000000000000000);
REPLACE INTO asb_component_hierarchy (ASSEMBLY_ID, COMPONENT_ALIB_ID, PARENT_COMPONENT_ALIB_ID, PRIORITY, INSERTION_ORDER) VALUES ('RCP-0001-EnclaveSecurityMnRManagers-EnclaveSecurit','Enclave4SecurityMnRManager|org.cougaar.core.security.monitoring.plugin.EventQueryPlugin','Enclave4SecurityMnRManager','COMPONENT',10.000000000000000000000000000000);
REPLACE INTO asb_component_hierarchy (ASSEMBLY_ID, COMPONENT_ALIB_ID, PARENT_COMPONENT_ALIB_ID, PRIORITY, INSERTION_ORDER) VALUES ('RCP-0001-EnclaveSecurityMnRManagers-EnclaveSecurit','Enclave4SecurityMnRManager|org.cougaar.mlm.plugin.organization.OrgDataPlugin','Enclave4SecurityMnRManager','COMPONENT',11.000000000000000000000000000000);
REPLACE INTO asb_component_hierarchy (ASSEMBLY_ID, COMPONENT_ALIB_ID, PARENT_COMPONENT_ALIB_ID, PRIORITY, INSERTION_ORDER) VALUES ('RCP-0001-EnclaveSecurityMnRManagers-EnclaveSecurit','Enclave4SecurityMnRManager|org.cougaar.core.security.monitoring.servlet.MnRRegistrationViewerComponent','Enclave4SecurityMnRManager','COMPONENT',12.000000000000000000000000000000);
REPLACE INTO asb_component_hierarchy (ASSEMBLY_ID, COMPONENT_ALIB_ID, PARENT_COMPONENT_ALIB_ID, PRIORITY, INSERTION_ORDER) VALUES ('RCP-0001-EnclaveSecurityMnRManagers-EnclaveSecurit','Enclave4SecurityMnRManager','EnclaveSecurityMnRManagers-cpy','COMPONENT',3.000000000000000000000000000000);
REPLACE INTO asb_component_hierarchy (ASSEMBLY_ID, COMPONENT_ALIB_ID, PARENT_COMPONENT_ALIB_ID, PRIORITY, INSERTION_ORDER) VALUES ('RCP-0001-EnclaveSecurityMnRManagers-EnclaveSecurit','Enclave4SecurityMnRManager|org.cougaar.mlm.plugin.organization.OrgReportPlugin','Enclave4SecurityMnRManager','COMPONENT',0.000000000000000000000000000000);
REPLACE INTO asb_component_hierarchy (ASSEMBLY_ID, COMPONENT_ALIB_ID, PARENT_COMPONENT_ALIB_ID, PRIORITY, INSERTION_ORDER) VALUES ('RCP-0001-EnclaveSecurityMnRManagers-EnclaveSecurit','Enclave4SecurityMnRManager|org.cougaar.core.security.monitoring.plugin.CapabilitiesProcessingPlugin','Enclave4SecurityMnRManager','COMPONENT',1.000000000000000000000000000000);
REPLACE INTO asb_component_hierarchy (ASSEMBLY_ID, COMPONENT_ALIB_ID, PARENT_COMPONENT_ALIB_ID, PRIORITY, INSERTION_ORDER) VALUES ('RCP-0001-EnclaveSecurityMnRManagers-EnclaveSecurit','Enclave4SecurityMnRManager|org.cougaar.core.security.monitoring.plugin.CapabilitiesConsolidationPlugin','Enclave4SecurityMnRManager','COMPONENT',2.000000000000000000000000000000);
REPLACE INTO asb_component_hierarchy (ASSEMBLY_ID, COMPONENT_ALIB_ID, PARENT_COMPONENT_ALIB_ID, PRIORITY, INSERTION_ORDER) VALUES ('RCP-0001-EnclaveSecurityMnRManagers-EnclaveSecurit','Enclave4SecurityMnRManager|org.cougaar.core.security.monitoring.plugin.MnRQueryReceiverPlugin','Enclave4SecurityMnRManager','COMPONENT',3.000000000000000000000000000000);
REPLACE INTO asb_component_hierarchy (ASSEMBLY_ID, COMPONENT_ALIB_ID, PARENT_COMPONENT_ALIB_ID, PRIORITY, INSERTION_ORDER) VALUES ('RCP-0001-EnclaveSecurityMnRManagers-EnclaveSecurit','Enclave4SecurityMnRManager|org.cougaar.core.servlet.BlackboardServletComponent','Enclave4SecurityMnRManager','COMPONENT',5.000000000000000000000000000000);
REPLACE INTO asb_component_hierarchy (ASSEMBLY_ID, COMPONENT_ALIB_ID, PARENT_COMPONENT_ALIB_ID, PRIORITY, INSERTION_ORDER) VALUES ('RCP-0001-EnclaveSecurityMnRManagers-EnclaveSecurit','Enclave4SecurityMnRManager|org.cougaar.core.adaptivity.AdaptivityEngine','Enclave4SecurityMnRManager','COMPONENT',6.000000000000000000000000000000);
REPLACE INTO asb_component_hierarchy (ASSEMBLY_ID, COMPONENT_ALIB_ID, PARENT_COMPONENT_ALIB_ID, PRIORITY, INSERTION_ORDER) VALUES ('RCP-0001-EnclaveSecurityMnRManagers-EnclaveSecurit','Enclave4SecurityMnRManager|org.cougaar.core.adaptivity.ConditionServiceProvider','Enclave4SecurityMnRManager','COMPONENT',7.000000000000000000000000000000);
REPLACE INTO asb_component_hierarchy (ASSEMBLY_ID, COMPONENT_ALIB_ID, PARENT_COMPONENT_ALIB_ID, PRIORITY, INSERTION_ORDER) VALUES ('RCP-0001-EnclaveSecurityMnRManagers-EnclaveSecurit','Enclave4SecurityMnRManager|org.cougaar.core.adaptivity.OperatingModeServiceProvider','Enclave4SecurityMnRManager','COMPONENT',8.000000000000000000000000000000);
REPLACE INTO asb_component_hierarchy (ASSEMBLY_ID, COMPONENT_ALIB_ID, PARENT_COMPONENT_ALIB_ID, PRIORITY, INSERTION_ORDER) VALUES ('RCP-0001-EnclaveSecurityMnRManagers-EnclaveSecurit','Enclave4SecurityMnRManager|org.cougaar.core.adaptivity.PlaybookManager','Enclave4SecurityMnRManager','COMPONENT',9.000000000000000000000000000000);
REPLACE INTO asb_component_hierarchy (ASSEMBLY_ID, COMPONENT_ALIB_ID, PARENT_COMPONENT_ALIB_ID, PRIORITY, INSERTION_ORDER) VALUES ('RCP-0001-EnclaveSecurityMnRManagers-EnclaveSecurit','Enclave4SecurityMnRManager|org.cougaar.core.security.monitoring.servlet.MnRResponseViewerComponent','Enclave4SecurityMnRManager','COMPONENT',13.000000000000000000000000000000);
UNLOCK TABLES;

#
# Dumping data for table 'asb_oplan'
#

LOCK TABLES asb_oplan WRITE;
UNLOCK TABLES;

#
# Dumping data for table 'asb_oplan_agent_attr'
#

LOCK TABLES asb_oplan_agent_attr WRITE;
UNLOCK TABLES;

#
# Dumping data for table 'community_attribute'
#

LOCK TABLES community_attribute WRITE;
UNLOCK TABLES;

#
# Dumping data for table 'community_entity_attribute'
#

LOCK TABLES community_entity_attribute WRITE;
UNLOCK TABLES;

#
# Dumping data for table 'lib_agent_org'
#

LOCK TABLES lib_agent_org WRITE;
REPLACE INTO lib_agent_org (COMPONENT_LIB_ID, AGENT_LIB_NAME, AGENT_ORG_CLASS) VALUES ('Enclave1SecurityMnRManager','Enclave1SecurityMnRManager','MilitaryOrganization');
REPLACE INTO lib_agent_org (COMPONENT_LIB_ID, AGENT_LIB_NAME, AGENT_ORG_CLASS) VALUES ('Enclave2SecurityMnRManager','Enclave2SecurityMnRManager','MilitaryOrganization');
REPLACE INTO lib_agent_org (COMPONENT_LIB_ID, AGENT_LIB_NAME, AGENT_ORG_CLASS) VALUES ('Enclave3SecurityMnRManager','Enclave3SecurityMnRManager','MilitaryOrganization');
REPLACE INTO lib_agent_org (COMPONENT_LIB_ID, AGENT_LIB_NAME, AGENT_ORG_CLASS) VALUES ('Enclave4SecurityMnRManager','Enclave4SecurityMnRManager','MilitaryOrganization');
UNLOCK TABLES;

#
# Dumping data for table 'lib_component'
#

LOCK TABLES lib_component WRITE;
REPLACE INTO lib_component (COMPONENT_LIB_ID, COMPONENT_TYPE, COMPONENT_CLASS, INSERTION_POINT, DESCRIPTION) VALUES ('Enclave2SecurityMnRManager','agent','org.cougaar.core.agent.ClusterImpl','Node.AgentManager.Agent','Added agent');
REPLACE INTO lib_component (COMPONENT_LIB_ID, COMPONENT_TYPE, COMPONENT_CLASS, INSERTION_POINT, DESCRIPTION) VALUES ('plugin|org.cougaar.core.security.monitoring.plugin.MnRQueryReceiverPlugin','plugin','org.cougaar.core.security.monitoring.plugin.MnRQueryReceiverPlugin','Node.AgentManager.Agent.PluginManager.Plugin','Added plugin');
REPLACE INTO lib_component (COMPONENT_LIB_ID, COMPONENT_TYPE, COMPONENT_CLASS, INSERTION_POINT, DESCRIPTION) VALUES ('plugin|org.cougaar.core.security.monitoring.plugin.MnRQueryResponderPlugin','plugin','org.cougaar.core.security.monitoring.plugin.MnRQueryResponderPlugin','Node.AgentManager.Agent.PluginManager.Plugin','Added plugin');
REPLACE INTO lib_component (COMPONENT_LIB_ID, COMPONENT_TYPE, COMPONENT_CLASS, INSERTION_POINT, DESCRIPTION) VALUES ('plugin|org.cougaar.mlm.plugin.organization.OrgReportPlugin','plugin','org.cougaar.mlm.plugin.organization.OrgReportPlugin','Node.AgentManager.Agent.PluginManager.Plugin','Subscribes to RFD tasks and RFS tasks and generate');
REPLACE INTO lib_component (COMPONENT_LIB_ID, COMPONENT_TYPE, COMPONENT_CLASS, INSERTION_POINT, DESCRIPTION) VALUES ('plugin|org.cougaar.core.security.monitoring.plugin.CapabilitiesProcessingPlugin','plugin','org.cougaar.core.security.monitoring.plugin.CapabilitiesProcessingPlugin','Node.AgentManager.Agent.PluginManager.Plugin','Added plugin');
REPLACE INTO lib_component (COMPONENT_LIB_ID, COMPONENT_TYPE, COMPONENT_CLASS, INSERTION_POINT, DESCRIPTION) VALUES ('Enclave4SecurityMnRManager','agent','org.cougaar.core.agent.ClusterImpl','Node.AgentManager.Agent','Added agent');
REPLACE INTO lib_component (COMPONENT_LIB_ID, COMPONENT_TYPE, COMPONENT_CLASS, INSERTION_POINT, DESCRIPTION) VALUES ('plugin|org.cougaar.core.security.monitoring.plugin.EventQueryPlugin','plugin','org.cougaar.core.security.monitoring.plugin.EventQueryPlugin','Node.AgentManager.Agent.PluginManager.Plugin','Added plugin');
REPLACE INTO lib_component (COMPONENT_LIB_ID, COMPONENT_TYPE, COMPONENT_CLASS, INSERTION_POINT, DESCRIPTION) VALUES ('plugin|org.cougaar.mlm.plugin.organization.OrgDataPlugin','plugin','org.cougaar.mlm.plugin.organization.OrgDataPlugin','Node.AgentManager.Agent.PluginManager.Plugin','Creates org assets, RFD (Replaces OrgRTDataPlugin and OrgTPRTDataPlugin');
REPLACE INTO lib_component (COMPONENT_LIB_ID, COMPONENT_TYPE, COMPONENT_CLASS, INSERTION_POINT, DESCRIPTION) VALUES ('plugin|org.cougaar.core.security.monitoring.servlet.MnRRegistrationViewerComponent','plugin','org.cougaar.core.security.monitoring.servlet.MnRRegistrationViewerComponent','Node.AgentManager.Agent.PluginManager.Plugin','Added plugin');
REPLACE INTO lib_component (COMPONENT_LIB_ID, COMPONENT_TYPE, COMPONENT_CLASS, INSERTION_POINT, DESCRIPTION) VALUES ('Enclave3SecurityMnRManager','agent','org.cougaar.core.agent.ClusterImpl','Node.AgentManager.Agent','Added agent');
REPLACE INTO lib_component (COMPONENT_LIB_ID, COMPONENT_TYPE, COMPONENT_CLASS, INSERTION_POINT, DESCRIPTION) VALUES ('plugin|org.cougaar.core.servlet.BlackboardServletComponent','plugin','org.cougaar.core.servlet.BlackboardServletComponent','Node.AgentManager.Agent.PluginManager.Plugin','Added plugin');
REPLACE INTO lib_component (COMPONENT_LIB_ID, COMPONENT_TYPE, COMPONENT_CLASS, INSERTION_POINT, DESCRIPTION) VALUES ('plugin|org.cougaar.core.adaptivity.AdaptivityEngine','plugin','org.cougaar.core.adaptivity.AdaptivityEngine','Node.AgentManager.Agent.PluginManager.Plugin','Added plugin');
REPLACE INTO lib_component (COMPONENT_LIB_ID, COMPONENT_TYPE, COMPONENT_CLASS, INSERTION_POINT, DESCRIPTION) VALUES ('plugin|org.cougaar.core.adaptivity.ConditionServiceProvider','plugin','org.cougaar.core.adaptivity.ConditionServiceProvider','Node.AgentManager.Agent.PluginManager.Plugin','Added plugin');
REPLACE INTO lib_component (COMPONENT_LIB_ID, COMPONENT_TYPE, COMPONENT_CLASS, INSERTION_POINT, DESCRIPTION) VALUES ('plugin|org.cougaar.core.adaptivity.OperatingModeServiceProvider','plugin','org.cougaar.core.adaptivity.OperatingModeServiceProvider','Node.AgentManager.Agent.PluginManager.Plugin','Added plugin');
REPLACE INTO lib_component (COMPONENT_LIB_ID, COMPONENT_TYPE, COMPONENT_CLASS, INSERTION_POINT, DESCRIPTION) VALUES ('plugin|org.cougaar.core.adaptivity.PlaybookManager','plugin','org.cougaar.core.adaptivity.PlaybookManager','Node.AgentManager.Agent.PluginManager.Plugin','Added plugin');
REPLACE INTO lib_component (COMPONENT_LIB_ID, COMPONENT_TYPE, COMPONENT_CLASS, INSERTION_POINT, DESCRIPTION) VALUES ('plugin|org.cougaar.core.security.monitoring.servlet.MnRResponseViewerComponent','plugin','org.cougaar.core.security.monitoring.servlet.MnRResponseViewerComponent','Node.AgentManager.Agent.PluginManager.Plugin','Added plugin');
REPLACE INTO lib_component (COMPONENT_LIB_ID, COMPONENT_TYPE, COMPONENT_CLASS, INSERTION_POINT, DESCRIPTION) VALUES ('recipe|##RECIPE_CLASS##','recipe','##RECIPE_CLASS##','recipe','Added recipe');
REPLACE INTO lib_component (COMPONENT_LIB_ID, COMPONENT_TYPE, COMPONENT_CLASS, INSERTION_POINT, DESCRIPTION) VALUES ('plugin|org.cougaar.core.security.monitoring.plugin.CapabilitiesConsolidationPlugin','plugin','org.cougaar.core.security.monitoring.plugin.CapabilitiesConsolidationPlugin','Node.AgentManager.Agent.PluginManager.Plugin','Added plugin');
REPLACE INTO lib_component (COMPONENT_LIB_ID, COMPONENT_TYPE, COMPONENT_CLASS, INSERTION_POINT, DESCRIPTION) VALUES ('Enclave1SecurityMnRManager','agent','org.cougaar.core.agent.ClusterImpl','Node.AgentManager.Agent','Added agent');
UNLOCK TABLES;

#
# Dumping data for table 'lib_mod_recipe'
#

LOCK TABLES lib_mod_recipe WRITE;
REPLACE INTO lib_mod_recipe (MOD_RECIPE_LIB_ID, NAME, JAVA_CLASS, DESCRIPTION) VALUES ('RECIPE-0001EnclaveSecurityMnRManagersEnclaveSecurityMnRManagers-cpyEnclaveSecurityMnRManagers-cpy-cpy','EnclaveSecurityMnRManagers-cpy','org.cougaar.tools.csmart.recipe.CompleteAgentRecipe','No description available');
UNLOCK TABLES;

#
# Dumping data for table 'lib_mod_recipe_arg'
#

LOCK TABLES lib_mod_recipe_arg WRITE;
REPLACE INTO lib_mod_recipe_arg (MOD_RECIPE_LIB_ID, ARG_NAME, ARG_ORDER, ARG_VALUE) VALUES ('RECIPE-0001EnclaveSecurityMnRManagersEnclaveSecurityMnRManagers-cpyEnclaveSecurityMnRManagers-cpy-cpy','Assembly Id',0.000000000000000000000000000000,'RCP-0001-EnclaveSecurityMnRManagers-EnclaveSecurit');
UNLOCK TABLES;

#
# Dumping data for table 'lib_pg_attribute'
#

LOCK TABLES lib_pg_attribute WRITE;
REPLACE INTO lib_pg_attribute (PG_ATTRIBUTE_LIB_ID, PG_NAME, ATTRIBUTE_NAME, ATTRIBUTE_TYPE, AGGREGATE_TYPE) VALUES ('ItemIdentificationPG|Nomenclature','ItemIdentificationPG','Nomenclature','String','SINGLE');
REPLACE INTO lib_pg_attribute (PG_ATTRIBUTE_LIB_ID, PG_NAME, ATTRIBUTE_NAME, ATTRIBUTE_TYPE, AGGREGATE_TYPE) VALUES ('TypeIdentificationPG|TypeIdentification','TypeIdentificationPG','TypeIdentification','String','SINGLE');
REPLACE INTO lib_pg_attribute (PG_ATTRIBUTE_LIB_ID, PG_NAME, ATTRIBUTE_NAME, ATTRIBUTE_TYPE, AGGREGATE_TYPE) VALUES ('ClusterPG|ClusterIdentifier','ClusterPG','ClusterIdentifier','ClusterIdentifier','SINGLE');
REPLACE INTO lib_pg_attribute (PG_ATTRIBUTE_LIB_ID, PG_NAME, ATTRIBUTE_NAME, ATTRIBUTE_TYPE, AGGREGATE_TYPE) VALUES ('ItemIdentificationPG|AlternateItemIdentification','ItemIdentificationPG','AlternateItemIdentification','String','SINGLE');
REPLACE INTO lib_pg_attribute (PG_ATTRIBUTE_LIB_ID, PG_NAME, ATTRIBUTE_NAME, ATTRIBUTE_TYPE, AGGREGATE_TYPE) VALUES ('ItemIdentificationPG|ItemIdentification','ItemIdentificationPG','ItemIdentification','String','SINGLE');
UNLOCK TABLES;

