# MySQL dump 8.14
#
# Host: u081    Database: tempcopy
#--------------------------------------------------------
# Server version	3.23.44-nt

#
# Dumping data for table 'alib_component'
#

LOCK TABLES alib_component WRITE;
REPLACE INTO alib_component (COMPONENT_ALIB_ID, COMPONENT_NAME, COMPONENT_LIB_ID, COMPONENT_TYPE, CLONE_SET_ID) VALUES ('IHMCPolicyDomainManagerServletAgents-cpy','IHMCPolicyDomainManagerServletAgents-cpy','recipe|##RECIPE_CLASS##','recipe',0.000000000000000000000000000000);
REPLACE INTO alib_component (COMPONENT_ALIB_ID, COMPONENT_NAME, COMPONENT_LIB_ID, COMPONENT_TYPE, CLONE_SET_ID) VALUES ('PolicyDomainManager1ServletAgent','PolicyDomainManager1ServletAgent','PolicyDomainManager1ServletAgent','agent',0.000000000000000000000000000000);
REPLACE INTO alib_component (COMPONENT_ALIB_ID, COMPONENT_NAME, COMPONENT_LIB_ID, COMPONENT_TYPE, CLONE_SET_ID) VALUES ('PolicyDomainManager1ServletAgent|org.cougaar.mlm.plugin.organization.OrgDataPlugin','PolicyDomainManager1ServletAgent|org.cougaar.mlm.plugin.organization.OrgDataPlugin','plugin|org.cougaar.mlm.plugin.organization.OrgDataPlugin','plugin',0.000000000000000000000000000000);
REPLACE INTO alib_component (COMPONENT_ALIB_ID, COMPONENT_NAME, COMPONENT_LIB_ID, COMPONENT_TYPE, CLONE_SET_ID) VALUES ('PolicyDomainManager1ServletAgent|org.cougaar.mlm.plugin.organization.OrgReportPlugin','PolicyDomainManager1ServletAgent|org.cougaar.mlm.plugin.organization.OrgReportPlugin','plugin|org.cougaar.mlm.plugin.organization.OrgReportPlugin','plugin',0.000000000000000000000000000000);
REPLACE INTO alib_component (COMPONENT_ALIB_ID, COMPONENT_NAME, COMPONENT_LIB_ID, COMPONENT_TYPE, CLONE_SET_ID) VALUES ('PolicyDomainManager1ServletAgent|safe.policyManager.PolicyAdminServletComponent','PolicyDomainManager1ServletAgent|safe.policyManager.PolicyAdminServletComponent','plugin|safe.policyManager.PolicyAdminServletComponent','plugin',0.000000000000000000000000000000);
REPLACE INTO alib_component (COMPONENT_ALIB_ID, COMPONENT_NAME, COMPONENT_LIB_ID, COMPONENT_TYPE, CLONE_SET_ID) VALUES ('PolicyDomainManager2ServletAgent','PolicyDomainManager2ServletAgent','PolicyDomainManager2ServletAgent','agent',0.000000000000000000000000000000);
REPLACE INTO alib_component (COMPONENT_ALIB_ID, COMPONENT_NAME, COMPONENT_LIB_ID, COMPONENT_TYPE, CLONE_SET_ID) VALUES ('PolicyDomainManager2ServletAgent|org.cougaar.mlm.plugin.organization.OrgDataPlugin','PolicyDomainManager2ServletAgent|org.cougaar.mlm.plugin.organization.OrgDataPlugin','plugin|org.cougaar.mlm.plugin.organization.OrgDataPlugin','plugin',0.000000000000000000000000000000);
REPLACE INTO alib_component (COMPONENT_ALIB_ID, COMPONENT_NAME, COMPONENT_LIB_ID, COMPONENT_TYPE, CLONE_SET_ID) VALUES ('PolicyDomainManager2ServletAgent|org.cougaar.mlm.plugin.organization.OrgReportPlugin','PolicyDomainManager2ServletAgent|org.cougaar.mlm.plugin.organization.OrgReportPlugin','plugin|org.cougaar.mlm.plugin.organization.OrgReportPlugin','plugin',0.000000000000000000000000000000);
REPLACE INTO alib_component (COMPONENT_ALIB_ID, COMPONENT_NAME, COMPONENT_LIB_ID, COMPONENT_TYPE, CLONE_SET_ID) VALUES ('PolicyDomainManager2ServletAgent|safe.policyManager.PolicyAdminServletComponent','PolicyDomainManager2ServletAgent|safe.policyManager.PolicyAdminServletComponent','plugin|safe.policyManager.PolicyAdminServletComponent','plugin',0.000000000000000000000000000000);
REPLACE INTO alib_component (COMPONENT_ALIB_ID, COMPONENT_NAME, COMPONENT_LIB_ID, COMPONENT_TYPE, CLONE_SET_ID) VALUES ('PolicyDomainManager3ServletAgent','PolicyDomainManager3ServletAgent','PolicyDomainManager3ServletAgent','agent',0.000000000000000000000000000000);
REPLACE INTO alib_component (COMPONENT_ALIB_ID, COMPONENT_NAME, COMPONENT_LIB_ID, COMPONENT_TYPE, CLONE_SET_ID) VALUES ('PolicyDomainManager3ServletAgent|org.cougaar.mlm.plugin.organization.OrgDataPlugin','PolicyDomainManager3ServletAgent|org.cougaar.mlm.plugin.organization.OrgDataPlugin','plugin|org.cougaar.mlm.plugin.organization.OrgDataPlugin','plugin',0.000000000000000000000000000000);
REPLACE INTO alib_component (COMPONENT_ALIB_ID, COMPONENT_NAME, COMPONENT_LIB_ID, COMPONENT_TYPE, CLONE_SET_ID) VALUES ('PolicyDomainManager3ServletAgent|org.cougaar.mlm.plugin.organization.OrgReportPlugin','PolicyDomainManager3ServletAgent|org.cougaar.mlm.plugin.organization.OrgReportPlugin','plugin|org.cougaar.mlm.plugin.organization.OrgReportPlugin','plugin',0.000000000000000000000000000000);
REPLACE INTO alib_component (COMPONENT_ALIB_ID, COMPONENT_NAME, COMPONENT_LIB_ID, COMPONENT_TYPE, CLONE_SET_ID) VALUES ('PolicyDomainManager3ServletAgent|safe.policyManager.PolicyAdminServletComponent','PolicyDomainManager3ServletAgent|safe.policyManager.PolicyAdminServletComponent','plugin|safe.policyManager.PolicyAdminServletComponent','plugin',0.000000000000000000000000000000);
REPLACE INTO alib_component (COMPONENT_ALIB_ID, COMPONENT_NAME, COMPONENT_LIB_ID, COMPONENT_TYPE, CLONE_SET_ID) VALUES ('PolicyDomainManager4ServletAgent','PolicyDomainManager4ServletAgent','PolicyDomainManager4ServletAgent','agent',0.000000000000000000000000000000);
REPLACE INTO alib_component (COMPONENT_ALIB_ID, COMPONENT_NAME, COMPONENT_LIB_ID, COMPONENT_TYPE, CLONE_SET_ID) VALUES ('PolicyDomainManager4ServletAgent|org.cougaar.mlm.plugin.organization.OrgDataPlugin','PolicyDomainManager4ServletAgent|org.cougaar.mlm.plugin.organization.OrgDataPlugin','plugin|org.cougaar.mlm.plugin.organization.OrgDataPlugin','plugin',0.000000000000000000000000000000);
REPLACE INTO alib_component (COMPONENT_ALIB_ID, COMPONENT_NAME, COMPONENT_LIB_ID, COMPONENT_TYPE, CLONE_SET_ID) VALUES ('PolicyDomainManager4ServletAgent|org.cougaar.mlm.plugin.organization.OrgReportPlugin','PolicyDomainManager4ServletAgent|org.cougaar.mlm.plugin.organization.OrgReportPlugin','plugin|org.cougaar.mlm.plugin.organization.OrgReportPlugin','plugin',0.000000000000000000000000000000);
REPLACE INTO alib_component (COMPONENT_ALIB_ID, COMPONENT_NAME, COMPONENT_LIB_ID, COMPONENT_TYPE, CLONE_SET_ID) VALUES ('PolicyDomainManager4ServletAgent|safe.policyManager.PolicyAdminServletComponent','PolicyDomainManager4ServletAgent|safe.policyManager.PolicyAdminServletComponent','plugin|safe.policyManager.PolicyAdminServletComponent','plugin',0.000000000000000000000000000000);
UNLOCK TABLES;

#
# Dumping data for table 'asb_agent'
#

LOCK TABLES asb_agent WRITE;
REPLACE INTO asb_agent (ASSEMBLY_ID, COMPONENT_ALIB_ID, COMPONENT_LIB_ID, CLONE_SET_ID, COMPONENT_NAME) VALUES ('RCP-0003-IHMCPolicyDomainManagerServletAgents','PolicyDomainManager1ServletAgent','PolicyDomainManager1ServletAgent',0.000000000000000000000000000000,'PolicyDomainManager1ServletAgent');
REPLACE INTO asb_agent (ASSEMBLY_ID, COMPONENT_ALIB_ID, COMPONENT_LIB_ID, CLONE_SET_ID, COMPONENT_NAME) VALUES ('RCP-0003-IHMCPolicyDomainManagerServletAgents','PolicyDomainManager2ServletAgent','PolicyDomainManager2ServletAgent',0.000000000000000000000000000000,'PolicyDomainManager2ServletAgent');
REPLACE INTO asb_agent (ASSEMBLY_ID, COMPONENT_ALIB_ID, COMPONENT_LIB_ID, CLONE_SET_ID, COMPONENT_NAME) VALUES ('RCP-0003-IHMCPolicyDomainManagerServletAgents','PolicyDomainManager3ServletAgent','PolicyDomainManager3ServletAgent',0.000000000000000000000000000000,'PolicyDomainManager3ServletAgent');
REPLACE INTO asb_agent (ASSEMBLY_ID, COMPONENT_ALIB_ID, COMPONENT_LIB_ID, CLONE_SET_ID, COMPONENT_NAME) VALUES ('RCP-0003-IHMCPolicyDomainManagerServletAgents','PolicyDomainManager4ServletAgent','PolicyDomainManager4ServletAgent',0.000000000000000000000000000000,'PolicyDomainManager4ServletAgent');
UNLOCK TABLES;

#
# Dumping data for table 'asb_agent_pg_attr'
#

LOCK TABLES asb_agent_pg_attr WRITE;
REPLACE INTO asb_agent_pg_attr (ASSEMBLY_ID, COMPONENT_ALIB_ID, PG_ATTRIBUTE_LIB_ID, ATTRIBUTE_VALUE, ATTRIBUTE_ORDER, START_DATE, END_DATE) VALUES ('RCP-0003-IHMCPolicyDomainManagerServletAgents','PolicyDomainManager1ServletAgent','ClusterPG|ClusterIdentifier','PolicyDomainManager1ServletAgent',0.000000000000000000000000000000,'2000-01-01 00:00:00',NULL);
REPLACE INTO asb_agent_pg_attr (ASSEMBLY_ID, COMPONENT_ALIB_ID, PG_ATTRIBUTE_LIB_ID, ATTRIBUTE_VALUE, ATTRIBUTE_ORDER, START_DATE, END_DATE) VALUES ('RCP-0003-IHMCPolicyDomainManagerServletAgents','PolicyDomainManager1ServletAgent','ItemIdentificationPG|AlternateItemIdentification','PolicyDomainManager1ServletAgent',0.000000000000000000000000000000,'2000-01-01 00:00:00',NULL);
REPLACE INTO asb_agent_pg_attr (ASSEMBLY_ID, COMPONENT_ALIB_ID, PG_ATTRIBUTE_LIB_ID, ATTRIBUTE_VALUE, ATTRIBUTE_ORDER, START_DATE, END_DATE) VALUES ('RCP-0003-IHMCPolicyDomainManagerServletAgents','PolicyDomainManager1ServletAgent','ItemIdentificationPG|ItemIdentification','PolicyDomainManager1ServletAgent',0.000000000000000000000000000000,'2000-01-01 00:00:00',NULL);
REPLACE INTO asb_agent_pg_attr (ASSEMBLY_ID, COMPONENT_ALIB_ID, PG_ATTRIBUTE_LIB_ID, ATTRIBUTE_VALUE, ATTRIBUTE_ORDER, START_DATE, END_DATE) VALUES ('RCP-0003-IHMCPolicyDomainManagerServletAgents','PolicyDomainManager1ServletAgent','ItemIdentificationPG|Nomenclature','UTC/RTOrg',0.000000000000000000000000000000,'2000-01-01 00:00:00',NULL);
REPLACE INTO asb_agent_pg_attr (ASSEMBLY_ID, COMPONENT_ALIB_ID, PG_ATTRIBUTE_LIB_ID, ATTRIBUTE_VALUE, ATTRIBUTE_ORDER, START_DATE, END_DATE) VALUES ('RCP-0003-IHMCPolicyDomainManagerServletAgents','PolicyDomainManager1ServletAgent','TypeIdentificationPG|TypeIdentification','UTC/RTOrg',0.000000000000000000000000000000,'2000-01-01 00:00:00',NULL);
REPLACE INTO asb_agent_pg_attr (ASSEMBLY_ID, COMPONENT_ALIB_ID, PG_ATTRIBUTE_LIB_ID, ATTRIBUTE_VALUE, ATTRIBUTE_ORDER, START_DATE, END_DATE) VALUES ('RCP-0003-IHMCPolicyDomainManagerServletAgents','PolicyDomainManager2ServletAgent','ClusterPG|ClusterIdentifier','PolicyDomainManager2ServletAgent',0.000000000000000000000000000000,'2000-01-01 00:00:00',NULL);
REPLACE INTO asb_agent_pg_attr (ASSEMBLY_ID, COMPONENT_ALIB_ID, PG_ATTRIBUTE_LIB_ID, ATTRIBUTE_VALUE, ATTRIBUTE_ORDER, START_DATE, END_DATE) VALUES ('RCP-0003-IHMCPolicyDomainManagerServletAgents','PolicyDomainManager2ServletAgent','ItemIdentificationPG|AlternateItemIdentification','PolicyDomainManager2ServletAgent',0.000000000000000000000000000000,'2000-01-01 00:00:00',NULL);
REPLACE INTO asb_agent_pg_attr (ASSEMBLY_ID, COMPONENT_ALIB_ID, PG_ATTRIBUTE_LIB_ID, ATTRIBUTE_VALUE, ATTRIBUTE_ORDER, START_DATE, END_DATE) VALUES ('RCP-0003-IHMCPolicyDomainManagerServletAgents','PolicyDomainManager2ServletAgent','ItemIdentificationPG|ItemIdentification','PolicyDomainManager2ServletAgent',0.000000000000000000000000000000,'2000-01-01 00:00:00',NULL);
REPLACE INTO asb_agent_pg_attr (ASSEMBLY_ID, COMPONENT_ALIB_ID, PG_ATTRIBUTE_LIB_ID, ATTRIBUTE_VALUE, ATTRIBUTE_ORDER, START_DATE, END_DATE) VALUES ('RCP-0003-IHMCPolicyDomainManagerServletAgents','PolicyDomainManager2ServletAgent','ItemIdentificationPG|Nomenclature','UTC/RTOrg',0.000000000000000000000000000000,'2000-01-01 00:00:00',NULL);
REPLACE INTO asb_agent_pg_attr (ASSEMBLY_ID, COMPONENT_ALIB_ID, PG_ATTRIBUTE_LIB_ID, ATTRIBUTE_VALUE, ATTRIBUTE_ORDER, START_DATE, END_DATE) VALUES ('RCP-0003-IHMCPolicyDomainManagerServletAgents','PolicyDomainManager2ServletAgent','TypeIdentificationPG|TypeIdentification','UTC/RTOrg',0.000000000000000000000000000000,'2000-01-01 00:00:00',NULL);
REPLACE INTO asb_agent_pg_attr (ASSEMBLY_ID, COMPONENT_ALIB_ID, PG_ATTRIBUTE_LIB_ID, ATTRIBUTE_VALUE, ATTRIBUTE_ORDER, START_DATE, END_DATE) VALUES ('RCP-0003-IHMCPolicyDomainManagerServletAgents','PolicyDomainManager3ServletAgent','ClusterPG|ClusterIdentifier','PolicyDomainManager3ServletAgent',0.000000000000000000000000000000,'2000-01-01 00:00:00',NULL);
REPLACE INTO asb_agent_pg_attr (ASSEMBLY_ID, COMPONENT_ALIB_ID, PG_ATTRIBUTE_LIB_ID, ATTRIBUTE_VALUE, ATTRIBUTE_ORDER, START_DATE, END_DATE) VALUES ('RCP-0003-IHMCPolicyDomainManagerServletAgents','PolicyDomainManager3ServletAgent','ItemIdentificationPG|AlternateItemIdentification','PolicyDomainManager3ServletAgent',0.000000000000000000000000000000,'2000-01-01 00:00:00',NULL);
REPLACE INTO asb_agent_pg_attr (ASSEMBLY_ID, COMPONENT_ALIB_ID, PG_ATTRIBUTE_LIB_ID, ATTRIBUTE_VALUE, ATTRIBUTE_ORDER, START_DATE, END_DATE) VALUES ('RCP-0003-IHMCPolicyDomainManagerServletAgents','PolicyDomainManager3ServletAgent','ItemIdentificationPG|ItemIdentification','PolicyDomainManager3ServletAgent',0.000000000000000000000000000000,'2000-01-01 00:00:00',NULL);
REPLACE INTO asb_agent_pg_attr (ASSEMBLY_ID, COMPONENT_ALIB_ID, PG_ATTRIBUTE_LIB_ID, ATTRIBUTE_VALUE, ATTRIBUTE_ORDER, START_DATE, END_DATE) VALUES ('RCP-0003-IHMCPolicyDomainManagerServletAgents','PolicyDomainManager3ServletAgent','ItemIdentificationPG|Nomenclature','UTC/RTOrg',0.000000000000000000000000000000,'2000-01-01 00:00:00',NULL);
REPLACE INTO asb_agent_pg_attr (ASSEMBLY_ID, COMPONENT_ALIB_ID, PG_ATTRIBUTE_LIB_ID, ATTRIBUTE_VALUE, ATTRIBUTE_ORDER, START_DATE, END_DATE) VALUES ('RCP-0003-IHMCPolicyDomainManagerServletAgents','PolicyDomainManager3ServletAgent','TypeIdentificationPG|TypeIdentification','UTC/RTOrg',0.000000000000000000000000000000,'2000-01-01 00:00:00',NULL);
REPLACE INTO asb_agent_pg_attr (ASSEMBLY_ID, COMPONENT_ALIB_ID, PG_ATTRIBUTE_LIB_ID, ATTRIBUTE_VALUE, ATTRIBUTE_ORDER, START_DATE, END_DATE) VALUES ('RCP-0003-IHMCPolicyDomainManagerServletAgents','PolicyDomainManager4ServletAgent','ClusterPG|ClusterIdentifier','PolicyDomainManager4ServletAgent',0.000000000000000000000000000000,'2000-01-01 00:00:00',NULL);
REPLACE INTO asb_agent_pg_attr (ASSEMBLY_ID, COMPONENT_ALIB_ID, PG_ATTRIBUTE_LIB_ID, ATTRIBUTE_VALUE, ATTRIBUTE_ORDER, START_DATE, END_DATE) VALUES ('RCP-0003-IHMCPolicyDomainManagerServletAgents','PolicyDomainManager4ServletAgent','ItemIdentificationPG|AlternateItemIdentification','PolicyDomainManager4ServletAgent',0.000000000000000000000000000000,'2000-01-01 00:00:00',NULL);
REPLACE INTO asb_agent_pg_attr (ASSEMBLY_ID, COMPONENT_ALIB_ID, PG_ATTRIBUTE_LIB_ID, ATTRIBUTE_VALUE, ATTRIBUTE_ORDER, START_DATE, END_DATE) VALUES ('RCP-0003-IHMCPolicyDomainManagerServletAgents','PolicyDomainManager4ServletAgent','ItemIdentificationPG|ItemIdentification','PolicyDomainManager4ServletAgent',0.000000000000000000000000000000,'2000-01-01 00:00:00',NULL);
REPLACE INTO asb_agent_pg_attr (ASSEMBLY_ID, COMPONENT_ALIB_ID, PG_ATTRIBUTE_LIB_ID, ATTRIBUTE_VALUE, ATTRIBUTE_ORDER, START_DATE, END_DATE) VALUES ('RCP-0003-IHMCPolicyDomainManagerServletAgents','PolicyDomainManager4ServletAgent','ItemIdentificationPG|Nomenclature','UTC/RTOrg',0.000000000000000000000000000000,'2000-01-01 00:00:00',NULL);
REPLACE INTO asb_agent_pg_attr (ASSEMBLY_ID, COMPONENT_ALIB_ID, PG_ATTRIBUTE_LIB_ID, ATTRIBUTE_VALUE, ATTRIBUTE_ORDER, START_DATE, END_DATE) VALUES ('RCP-0003-IHMCPolicyDomainManagerServletAgents','PolicyDomainManager4ServletAgent','TypeIdentificationPG|TypeIdentification','UTC/RTOrg',0.000000000000000000000000000000,'2000-01-01 00:00:00',NULL);
UNLOCK TABLES;

#
# Dumping data for table 'asb_agent_relation'
#

LOCK TABLES asb_agent_relation WRITE;
UNLOCK TABLES;

#
# Dumping data for table 'asb_assembly'
#

LOCK TABLES asb_assembly WRITE;
REPLACE INTO asb_assembly (ASSEMBLY_ID, ASSEMBLY_TYPE, DESCRIPTION) VALUES ('RCP-0003-IHMCPolicyDomainManagerServletAgents','RCP','IHMCPolicyDomainManagerServletAgents-cpy');
UNLOCK TABLES;

#
# Dumping data for table 'asb_component_arg'
#

LOCK TABLES asb_component_arg WRITE;
REPLACE INTO asb_component_arg (ASSEMBLY_ID, COMPONENT_ALIB_ID, ARGUMENT, ARGUMENT_ORDER) VALUES ('RCP-0003-IHMCPolicyDomainManagerServletAgents','PolicyDomainManager1ServletAgent','PolicyDomainManager1ServletAgent',1.000000000000000000000000000000);
REPLACE INTO asb_component_arg (ASSEMBLY_ID, COMPONENT_ALIB_ID, ARGUMENT, ARGUMENT_ORDER) VALUES ('RCP-0003-IHMCPolicyDomainManagerServletAgents','PolicyDomainManager1ServletAgent|safe.policyManager.PolicyAdminServletComponent','PolicyDomainManager1',1.000000000000000000000000000000);
REPLACE INTO asb_component_arg (ASSEMBLY_ID, COMPONENT_ALIB_ID, ARGUMENT, ARGUMENT_ORDER) VALUES ('RCP-0003-IHMCPolicyDomainManagerServletAgents','PolicyDomainManager2ServletAgent','PolicyDomainManager2ServletAgent',1.000000000000000000000000000000);
REPLACE INTO asb_component_arg (ASSEMBLY_ID, COMPONENT_ALIB_ID, ARGUMENT, ARGUMENT_ORDER) VALUES ('RCP-0003-IHMCPolicyDomainManagerServletAgents','PolicyDomainManager2ServletAgent|safe.policyManager.PolicyAdminServletComponent','PolicyDomainManager2',1.000000000000000000000000000000);
REPLACE INTO asb_component_arg (ASSEMBLY_ID, COMPONENT_ALIB_ID, ARGUMENT, ARGUMENT_ORDER) VALUES ('RCP-0003-IHMCPolicyDomainManagerServletAgents','PolicyDomainManager3ServletAgent','PolicyDomainManager3ServletAgent',1.000000000000000000000000000000);
REPLACE INTO asb_component_arg (ASSEMBLY_ID, COMPONENT_ALIB_ID, ARGUMENT, ARGUMENT_ORDER) VALUES ('RCP-0003-IHMCPolicyDomainManagerServletAgents','PolicyDomainManager3ServletAgent|safe.policyManager.PolicyAdminServletComponent','PolicyDomainManager3',1.000000000000000000000000000000);
REPLACE INTO asb_component_arg (ASSEMBLY_ID, COMPONENT_ALIB_ID, ARGUMENT, ARGUMENT_ORDER) VALUES ('RCP-0003-IHMCPolicyDomainManagerServletAgents','PolicyDomainManager4ServletAgent','PolicyDomainManager4ServletAgent',1.000000000000000000000000000000);
REPLACE INTO asb_component_arg (ASSEMBLY_ID, COMPONENT_ALIB_ID, ARGUMENT, ARGUMENT_ORDER) VALUES ('RCP-0003-IHMCPolicyDomainManagerServletAgents','PolicyDomainManager4ServletAgent|safe.policyManager.PolicyAdminServletComponent','PolicyDomainManager4',1.000000000000000000000000000000);
UNLOCK TABLES;

#
# Dumping data for table 'asb_component_hierarchy'
#

LOCK TABLES asb_component_hierarchy WRITE;
REPLACE INTO asb_component_hierarchy (ASSEMBLY_ID, COMPONENT_ALIB_ID, PARENT_COMPONENT_ALIB_ID, PRIORITY, INSERTION_ORDER) VALUES ('RCP-0003-IHMCPolicyDomainManagerServletAgents','PolicyDomainManager1ServletAgent','IHMCPolicyDomainManagerServletAgents-cpy','COMPONENT',0.000000000000000000000000000000);
REPLACE INTO asb_component_hierarchy (ASSEMBLY_ID, COMPONENT_ALIB_ID, PARENT_COMPONENT_ALIB_ID, PRIORITY, INSERTION_ORDER) VALUES ('RCP-0003-IHMCPolicyDomainManagerServletAgents','PolicyDomainManager1ServletAgent|org.cougaar.mlm.plugin.organization.OrgDataPlugin','PolicyDomainManager1ServletAgent','COMPONENT',0.000000000000000000000000000000);
REPLACE INTO asb_component_hierarchy (ASSEMBLY_ID, COMPONENT_ALIB_ID, PARENT_COMPONENT_ALIB_ID, PRIORITY, INSERTION_ORDER) VALUES ('RCP-0003-IHMCPolicyDomainManagerServletAgents','PolicyDomainManager1ServletAgent|org.cougaar.mlm.plugin.organization.OrgReportPlugin','PolicyDomainManager1ServletAgent','COMPONENT',1.000000000000000000000000000000);
REPLACE INTO asb_component_hierarchy (ASSEMBLY_ID, COMPONENT_ALIB_ID, PARENT_COMPONENT_ALIB_ID, PRIORITY, INSERTION_ORDER) VALUES ('RCP-0003-IHMCPolicyDomainManagerServletAgents','PolicyDomainManager1ServletAgent|safe.policyManager.PolicyAdminServletComponent','PolicyDomainManager1ServletAgent','COMPONENT',2.000000000000000000000000000000);
REPLACE INTO asb_component_hierarchy (ASSEMBLY_ID, COMPONENT_ALIB_ID, PARENT_COMPONENT_ALIB_ID, PRIORITY, INSERTION_ORDER) VALUES ('RCP-0003-IHMCPolicyDomainManagerServletAgents','PolicyDomainManager2ServletAgent','IHMCPolicyDomainManagerServletAgents-cpy','COMPONENT',1.000000000000000000000000000000);
REPLACE INTO asb_component_hierarchy (ASSEMBLY_ID, COMPONENT_ALIB_ID, PARENT_COMPONENT_ALIB_ID, PRIORITY, INSERTION_ORDER) VALUES ('RCP-0003-IHMCPolicyDomainManagerServletAgents','PolicyDomainManager2ServletAgent|org.cougaar.mlm.plugin.organization.OrgDataPlugin','PolicyDomainManager2ServletAgent','COMPONENT',0.000000000000000000000000000000);
REPLACE INTO asb_component_hierarchy (ASSEMBLY_ID, COMPONENT_ALIB_ID, PARENT_COMPONENT_ALIB_ID, PRIORITY, INSERTION_ORDER) VALUES ('RCP-0003-IHMCPolicyDomainManagerServletAgents','PolicyDomainManager2ServletAgent|org.cougaar.mlm.plugin.organization.OrgReportPlugin','PolicyDomainManager2ServletAgent','COMPONENT',1.000000000000000000000000000000);
REPLACE INTO asb_component_hierarchy (ASSEMBLY_ID, COMPONENT_ALIB_ID, PARENT_COMPONENT_ALIB_ID, PRIORITY, INSERTION_ORDER) VALUES ('RCP-0003-IHMCPolicyDomainManagerServletAgents','PolicyDomainManager2ServletAgent|safe.policyManager.PolicyAdminServletComponent','PolicyDomainManager2ServletAgent','COMPONENT',2.000000000000000000000000000000);
REPLACE INTO asb_component_hierarchy (ASSEMBLY_ID, COMPONENT_ALIB_ID, PARENT_COMPONENT_ALIB_ID, PRIORITY, INSERTION_ORDER) VALUES ('RCP-0003-IHMCPolicyDomainManagerServletAgents','PolicyDomainManager3ServletAgent','IHMCPolicyDomainManagerServletAgents-cpy','COMPONENT',2.000000000000000000000000000000);
REPLACE INTO asb_component_hierarchy (ASSEMBLY_ID, COMPONENT_ALIB_ID, PARENT_COMPONENT_ALIB_ID, PRIORITY, INSERTION_ORDER) VALUES ('RCP-0003-IHMCPolicyDomainManagerServletAgents','PolicyDomainManager3ServletAgent|org.cougaar.mlm.plugin.organization.OrgDataPlugin','PolicyDomainManager3ServletAgent','COMPONENT',0.000000000000000000000000000000);
REPLACE INTO asb_component_hierarchy (ASSEMBLY_ID, COMPONENT_ALIB_ID, PARENT_COMPONENT_ALIB_ID, PRIORITY, INSERTION_ORDER) VALUES ('RCP-0003-IHMCPolicyDomainManagerServletAgents','PolicyDomainManager3ServletAgent|org.cougaar.mlm.plugin.organization.OrgReportPlugin','PolicyDomainManager3ServletAgent','COMPONENT',1.000000000000000000000000000000);
REPLACE INTO asb_component_hierarchy (ASSEMBLY_ID, COMPONENT_ALIB_ID, PARENT_COMPONENT_ALIB_ID, PRIORITY, INSERTION_ORDER) VALUES ('RCP-0003-IHMCPolicyDomainManagerServletAgents','PolicyDomainManager3ServletAgent|safe.policyManager.PolicyAdminServletComponent','PolicyDomainManager3ServletAgent','COMPONENT',2.000000000000000000000000000000);
REPLACE INTO asb_component_hierarchy (ASSEMBLY_ID, COMPONENT_ALIB_ID, PARENT_COMPONENT_ALIB_ID, PRIORITY, INSERTION_ORDER) VALUES ('RCP-0003-IHMCPolicyDomainManagerServletAgents','PolicyDomainManager4ServletAgent','IHMCPolicyDomainManagerServletAgents-cpy','COMPONENT',3.000000000000000000000000000000);
REPLACE INTO asb_component_hierarchy (ASSEMBLY_ID, COMPONENT_ALIB_ID, PARENT_COMPONENT_ALIB_ID, PRIORITY, INSERTION_ORDER) VALUES ('RCP-0003-IHMCPolicyDomainManagerServletAgents','PolicyDomainManager4ServletAgent|org.cougaar.mlm.plugin.organization.OrgDataPlugin','PolicyDomainManager4ServletAgent','COMPONENT',0.000000000000000000000000000000);
REPLACE INTO asb_component_hierarchy (ASSEMBLY_ID, COMPONENT_ALIB_ID, PARENT_COMPONENT_ALIB_ID, PRIORITY, INSERTION_ORDER) VALUES ('RCP-0003-IHMCPolicyDomainManagerServletAgents','PolicyDomainManager4ServletAgent|org.cougaar.mlm.plugin.organization.OrgReportPlugin','PolicyDomainManager4ServletAgent','COMPONENT',1.000000000000000000000000000000);
REPLACE INTO asb_component_hierarchy (ASSEMBLY_ID, COMPONENT_ALIB_ID, PARENT_COMPONENT_ALIB_ID, PRIORITY, INSERTION_ORDER) VALUES ('RCP-0003-IHMCPolicyDomainManagerServletAgents','PolicyDomainManager4ServletAgent|safe.policyManager.PolicyAdminServletComponent','PolicyDomainManager4ServletAgent','COMPONENT',2.000000000000000000000000000000);
UNLOCK TABLES;

#
# Dumping data for table 'asb_oplan'
#

LOCK TABLES asb_oplan WRITE;
UNLOCK TABLES;

#
# Dumping data for table 'asb_oplan_agent_attr'
#

LOCK TABLES asb_oplan_agent_attr WRITE;
UNLOCK TABLES;

#
# Dumping data for table 'community_attribute'
#

LOCK TABLES community_attribute WRITE;
UNLOCK TABLES;

#
# Dumping data for table 'community_entity_attribute'
#

LOCK TABLES community_entity_attribute WRITE;
UNLOCK TABLES;

#
# Dumping data for table 'lib_agent_org'
#

LOCK TABLES lib_agent_org WRITE;
REPLACE INTO lib_agent_org (COMPONENT_LIB_ID, AGENT_LIB_NAME, AGENT_ORG_CLASS) VALUES ('PolicyDomainManager1ServletAgent','PolicyDomainManager1ServletAgent','MilitaryOrganization');
REPLACE INTO lib_agent_org (COMPONENT_LIB_ID, AGENT_LIB_NAME, AGENT_ORG_CLASS) VALUES ('PolicyDomainManager2ServletAgent','PolicyDomainManager2ServletAgent','MilitaryOrganization');
REPLACE INTO lib_agent_org (COMPONENT_LIB_ID, AGENT_LIB_NAME, AGENT_ORG_CLASS) VALUES ('PolicyDomainManager3ServletAgent','PolicyDomainManager3ServletAgent','MilitaryOrganization');
REPLACE INTO lib_agent_org (COMPONENT_LIB_ID, AGENT_LIB_NAME, AGENT_ORG_CLASS) VALUES ('PolicyDomainManager4ServletAgent','PolicyDomainManager4ServletAgent','MilitaryOrganization');
UNLOCK TABLES;

#
# Dumping data for table 'lib_component'
#

LOCK TABLES lib_component WRITE;
REPLACE INTO lib_component (COMPONENT_LIB_ID, COMPONENT_TYPE, COMPONENT_CLASS, INSERTION_POINT, DESCRIPTION) VALUES ('recipe|##RECIPE_CLASS##','recipe','##RECIPE_CLASS##','recipe','Added recipe');
REPLACE INTO lib_component (COMPONENT_LIB_ID, COMPONENT_TYPE, COMPONENT_CLASS, INSERTION_POINT, DESCRIPTION) VALUES ('PolicyDomainManager1ServletAgent','agent','org.cougaar.core.agent.ClusterImpl','Node.AgentManager.Agent','Added agent');
REPLACE INTO lib_component (COMPONENT_LIB_ID, COMPONENT_TYPE, COMPONENT_CLASS, INSERTION_POINT, DESCRIPTION) VALUES ('plugin|org.cougaar.mlm.plugin.organization.OrgDataPlugin','plugin','org.cougaar.mlm.plugin.organization.OrgDataPlugin','Node.AgentManager.Agent.PluginManager.Plugin','Creates org assets, RFD (Replaces OrgRTDataPlugin and OrgTPRTDataPlugin');
REPLACE INTO lib_component (COMPONENT_LIB_ID, COMPONENT_TYPE, COMPONENT_CLASS, INSERTION_POINT, DESCRIPTION) VALUES ('plugin|org.cougaar.mlm.plugin.organization.OrgReportPlugin','plugin','org.cougaar.mlm.plugin.organization.OrgReportPlugin','Node.AgentManager.Agent.PluginManager.Plugin','Subscribes to RFD tasks and RFS tasks and generate');
REPLACE INTO lib_component (COMPONENT_LIB_ID, COMPONENT_TYPE, COMPONENT_CLASS, INSERTION_POINT, DESCRIPTION) VALUES ('plugin|safe.policyManager.PolicyAdminServletComponent','plugin','safe.policyManager.PolicyAdminServletComponent','Node.AgentManager.Agent.PluginManager.Plugin','Added plugin');
REPLACE INTO lib_component (COMPONENT_LIB_ID, COMPONENT_TYPE, COMPONENT_CLASS, INSERTION_POINT, DESCRIPTION) VALUES ('PolicyDomainManager2ServletAgent','agent','org.cougaar.core.agent.ClusterImpl','Node.AgentManager.Agent','Added agent');
REPLACE INTO lib_component (COMPONENT_LIB_ID, COMPONENT_TYPE, COMPONENT_CLASS, INSERTION_POINT, DESCRIPTION) VALUES ('PolicyDomainManager3ServletAgent','agent','org.cougaar.core.agent.ClusterImpl','Node.AgentManager.Agent','Added agent');
REPLACE INTO lib_component (COMPONENT_LIB_ID, COMPONENT_TYPE, COMPONENT_CLASS, INSERTION_POINT, DESCRIPTION) VALUES ('PolicyDomainManager4ServletAgent','agent','org.cougaar.core.agent.ClusterImpl','Node.AgentManager.Agent','Added agent');
UNLOCK TABLES;

#
# Dumping data for table 'lib_mod_recipe'
#

LOCK TABLES lib_mod_recipe WRITE;
REPLACE INTO lib_mod_recipe (MOD_RECIPE_LIB_ID, NAME, JAVA_CLASS, DESCRIPTION) VALUES ('RECIPE-0003IHMCPolicyDomainManagerServletAgents','IHMCPolicyDomainManagerServletAgents-cpy','org.cougaar.tools.csmart.recipe.CompleteAgentRecipe','No description available');
UNLOCK TABLES;

#
# Dumping data for table 'lib_mod_recipe_arg'
#

LOCK TABLES lib_mod_recipe_arg WRITE;
REPLACE INTO lib_mod_recipe_arg (MOD_RECIPE_LIB_ID, ARG_NAME, ARG_ORDER, ARG_VALUE) VALUES ('RECIPE-0003IHMCPolicyDomainManagerServletAgents','Assembly Id',0.000000000000000000000000000000,'RCP-0003-IHMCPolicyDomainManagerServletAgents');
UNLOCK TABLES;

#
# Dumping data for table 'lib_pg_attribute'
#

LOCK TABLES lib_pg_attribute WRITE;
REPLACE INTO lib_pg_attribute (PG_ATTRIBUTE_LIB_ID, PG_NAME, ATTRIBUTE_NAME, ATTRIBUTE_TYPE, AGGREGATE_TYPE) VALUES ('ClusterPG|ClusterIdentifier','ClusterPG','ClusterIdentifier','ClusterIdentifier','SINGLE');
REPLACE INTO lib_pg_attribute (PG_ATTRIBUTE_LIB_ID, PG_NAME, ATTRIBUTE_NAME, ATTRIBUTE_TYPE, AGGREGATE_TYPE) VALUES ('ItemIdentificationPG|AlternateItemIdentification','ItemIdentificationPG','AlternateItemIdentification','String','SINGLE');
REPLACE INTO lib_pg_attribute (PG_ATTRIBUTE_LIB_ID, PG_NAME, ATTRIBUTE_NAME, ATTRIBUTE_TYPE, AGGREGATE_TYPE) VALUES ('ItemIdentificationPG|ItemIdentification','ItemIdentificationPG','ItemIdentification','String','SINGLE');
REPLACE INTO lib_pg_attribute (PG_ATTRIBUTE_LIB_ID, PG_NAME, ATTRIBUTE_NAME, ATTRIBUTE_TYPE, AGGREGATE_TYPE) VALUES ('ItemIdentificationPG|Nomenclature','ItemIdentificationPG','Nomenclature','String','SINGLE');
REPLACE INTO lib_pg_attribute (PG_ATTRIBUTE_LIB_ID, PG_NAME, ATTRIBUTE_NAME, ATTRIBUTE_TYPE, AGGREGATE_TYPE) VALUES ('TypeIdentificationPG|TypeIdentification','TypeIdentificationPG','TypeIdentification','String','SINGLE');
UNLOCK TABLES;

