# MySQL dump 8.16
#
# Host: mango    Database: tempcopy
#--------------------------------------------------------
# Server version	3.23.51

#
# Dumping data for table 'alib_component'
#

LOCK TABLES alib_component WRITE;
REPLACE INTO alib_component (COMPONENT_ALIB_ID, COMPONENT_NAME, COMPONENT_LIB_ID, COMPONENT_TYPE, CLONE_SET_ID) VALUES ('UserAdminAgent2','UserAdminAgent2','UserAdminAgent2','agent',0.000000000000000000000000000000);
REPLACE INTO alib_component (COMPONENT_ALIB_ID, COMPONENT_NAME, COMPONENT_LIB_ID, COMPONENT_TYPE, CLONE_SET_ID) VALUES ('UserAdminAgents-cpy','UserAdminAgents-cpy','recipe|##RECIPE_CLASS##','recipe',0.000000000000000000000000000000);
REPLACE INTO alib_component (COMPONENT_ALIB_ID, COMPONENT_NAME, COMPONENT_LIB_ID, COMPONENT_TYPE, CLONE_SET_ID) VALUES ('UserAdminAgent2|org.cougaar.mlm.plugin.organization.OrgDataPlugin','UserAdminAgent2|org.cougaar.mlm.plugin.organization.OrgDataPlugin','plugin|org.cougaar.mlm.plugin.organization.OrgDataPlugin','plugin',0.000000000000000000000000000000);
REPLACE INTO alib_component (COMPONENT_ALIB_ID, COMPONENT_NAME, COMPONENT_LIB_ID, COMPONENT_TYPE, CLONE_SET_ID) VALUES ('UserAdminAgent1','UserAdminAgent1','UserAdminAgent1','agent',0.000000000000000000000000000000);
REPLACE INTO alib_component (COMPONENT_ALIB_ID, COMPONENT_NAME, COMPONENT_LIB_ID, COMPONENT_TYPE, CLONE_SET_ID) VALUES ('UserAdminAgent1|org.cougaar.mlm.plugin.organization.OrgDataPlugin','UserAdminAgent1|org.cougaar.mlm.plugin.organization.OrgDataPlugin','plugin|org.cougaar.mlm.plugin.organization.OrgDataPlugin','plugin',0.000000000000000000000000000000);
REPLACE INTO alib_component (COMPONENT_ALIB_ID, COMPONENT_NAME, COMPONENT_LIB_ID, COMPONENT_TYPE, CLONE_SET_ID) VALUES ('UserAdminAgent1|org.cougaar.mlm.plugin.organization.OrgReportPlugin','UserAdminAgent1|org.cougaar.mlm.plugin.organization.OrgReportPlugin','plugin|org.cougaar.mlm.plugin.organization.OrgReportPlugin','plugin',0.000000000000000000000000000000);
REPLACE INTO alib_component (COMPONENT_ALIB_ID, COMPONENT_NAME, COMPONENT_LIB_ID, COMPONENT_TYPE, CLONE_SET_ID) VALUES ('UserAdminAgent1|org.cougaar.core.security.certauthority.CaServletComponent','UserAdminAgent1|org.cougaar.core.security.certauthority.CaServletComponent','plugin|org.cougaar.core.security.certauthority.CaServletComponent','plugin',0.000000000000000000000000000000);
REPLACE INTO alib_component (COMPONENT_ALIB_ID, COMPONENT_NAME, COMPONENT_LIB_ID, COMPONENT_TYPE, CLONE_SET_ID) VALUES ('UserAdminAgent2|org.cougaar.core.security.certauthority.CaServletComponent','UserAdminAgent2|org.cougaar.core.security.certauthority.CaServletComponent','plugin|org.cougaar.core.security.certauthority.CaServletComponent','plugin',0.000000000000000000000000000000);
REPLACE INTO alib_component (COMPONENT_ALIB_ID, COMPONENT_NAME, COMPONENT_LIB_ID, COMPONENT_TYPE, CLONE_SET_ID) VALUES ('UserAdminAgent3','UserAdminAgent3','UserAdminAgent3','agent',0.000000000000000000000000000000);
REPLACE INTO alib_component (COMPONENT_ALIB_ID, COMPONENT_NAME, COMPONENT_LIB_ID, COMPONENT_TYPE, CLONE_SET_ID) VALUES ('UserAdminAgent3|org.cougaar.mlm.plugin.organization.OrgDataPlugin','UserAdminAgent3|org.cougaar.mlm.plugin.organization.OrgDataPlugin','plugin|org.cougaar.mlm.plugin.organization.OrgDataPlugin','plugin',0.000000000000000000000000000000);
REPLACE INTO alib_component (COMPONENT_ALIB_ID, COMPONENT_NAME, COMPONENT_LIB_ID, COMPONENT_TYPE, CLONE_SET_ID) VALUES ('UserAdminAgent3|org.cougaar.mlm.plugin.organization.OrgReportPlugin','UserAdminAgent3|org.cougaar.mlm.plugin.organization.OrgReportPlugin','plugin|org.cougaar.mlm.plugin.organization.OrgReportPlugin','plugin',0.000000000000000000000000000000);
REPLACE INTO alib_component (COMPONENT_ALIB_ID, COMPONENT_NAME, COMPONENT_LIB_ID, COMPONENT_TYPE, CLONE_SET_ID) VALUES ('UserAdminAgent3|org.cougaar.core.security.certauthority.CaServletComponent','UserAdminAgent3|org.cougaar.core.security.certauthority.CaServletComponent','plugin|org.cougaar.core.security.certauthority.CaServletComponent','plugin',0.000000000000000000000000000000);
REPLACE INTO alib_component (COMPONENT_ALIB_ID, COMPONENT_NAME, COMPONENT_LIB_ID, COMPONENT_TYPE, CLONE_SET_ID) VALUES ('UserAdminAgent4','UserAdminAgent4','UserAdminAgent4','agent',0.000000000000000000000000000000);
REPLACE INTO alib_component (COMPONENT_ALIB_ID, COMPONENT_NAME, COMPONENT_LIB_ID, COMPONENT_TYPE, CLONE_SET_ID) VALUES ('UserAdminAgent4|org.cougaar.mlm.plugin.organization.OrgDataPlugin','UserAdminAgent4|org.cougaar.mlm.plugin.organization.OrgDataPlugin','plugin|org.cougaar.mlm.plugin.organization.OrgDataPlugin','plugin',0.000000000000000000000000000000);
REPLACE INTO alib_component (COMPONENT_ALIB_ID, COMPONENT_NAME, COMPONENT_LIB_ID, COMPONENT_TYPE, CLONE_SET_ID) VALUES ('UserAdminAgent4|org.cougaar.mlm.plugin.organization.OrgReportPlugin','UserAdminAgent4|org.cougaar.mlm.plugin.organization.OrgReportPlugin','plugin|org.cougaar.mlm.plugin.organization.OrgReportPlugin','plugin',0.000000000000000000000000000000);
REPLACE INTO alib_component (COMPONENT_ALIB_ID, COMPONENT_NAME, COMPONENT_LIB_ID, COMPONENT_TYPE, CLONE_SET_ID) VALUES ('UserAdminAgent4|org.cougaar.core.security.certauthority.CaServletComponent','UserAdminAgent4|org.cougaar.core.security.certauthority.CaServletComponent','plugin|org.cougaar.core.security.certauthority.CaServletComponent','plugin',0.000000000000000000000000000000);
REPLACE INTO alib_component (COMPONENT_ALIB_ID, COMPONENT_NAME, COMPONENT_LIB_ID, COMPONENT_TYPE, CLONE_SET_ID) VALUES ('UserAdminAgent2|org.cougaar.mlm.plugin.organization.OrgReportPlugin','UserAdminAgent2|org.cougaar.mlm.plugin.organization.OrgReportPlugin','plugin|org.cougaar.mlm.plugin.organization.OrgReportPlugin','plugin',0.000000000000000000000000000000);
UNLOCK TABLES;

#
# Dumping data for table 'asb_agent'
#

LOCK TABLES asb_agent WRITE;
REPLACE INTO asb_agent (ASSEMBLY_ID, COMPONENT_ALIB_ID, COMPONENT_LIB_ID, CLONE_SET_ID, COMPONENT_NAME) VALUES ('RCP-0006-UserAdminAgents-UserAdminAgents-cpy','UserAdminAgent1','UserAdminAgent1',0.000000000000000000000000000000,'UserAdminAgent1');
REPLACE INTO asb_agent (ASSEMBLY_ID, COMPONENT_ALIB_ID, COMPONENT_LIB_ID, CLONE_SET_ID, COMPONENT_NAME) VALUES ('RCP-0006-UserAdminAgents-UserAdminAgents-cpy','UserAdminAgent2','UserAdminAgent2',0.000000000000000000000000000000,'UserAdminAgent2');
REPLACE INTO asb_agent (ASSEMBLY_ID, COMPONENT_ALIB_ID, COMPONENT_LIB_ID, CLONE_SET_ID, COMPONENT_NAME) VALUES ('RCP-0006-UserAdminAgents-UserAdminAgents-cpy','UserAdminAgent3','UserAdminAgent3',0.000000000000000000000000000000,'UserAdminAgent3');
REPLACE INTO asb_agent (ASSEMBLY_ID, COMPONENT_ALIB_ID, COMPONENT_LIB_ID, CLONE_SET_ID, COMPONENT_NAME) VALUES ('RCP-0006-UserAdminAgents-UserAdminAgents-cpy','UserAdminAgent4','UserAdminAgent4',0.000000000000000000000000000000,'UserAdminAgent4');
UNLOCK TABLES;

#
# Dumping data for table 'asb_agent_pg_attr'
#

LOCK TABLES asb_agent_pg_attr WRITE;
REPLACE INTO asb_agent_pg_attr (ASSEMBLY_ID, COMPONENT_ALIB_ID, PG_ATTRIBUTE_LIB_ID, ATTRIBUTE_VALUE, ATTRIBUTE_ORDER, START_DATE, END_DATE) VALUES ('RCP-0006-UserAdminAgents-UserAdminAgents-cpy','UserAdminAgent1','ClusterPG|ClusterIdentifier','UserAdminAgent1',0.000000000000000000000000000000,'2000-01-01 00:00:00',NULL);
REPLACE INTO asb_agent_pg_attr (ASSEMBLY_ID, COMPONENT_ALIB_ID, PG_ATTRIBUTE_LIB_ID, ATTRIBUTE_VALUE, ATTRIBUTE_ORDER, START_DATE, END_DATE) VALUES ('RCP-0006-UserAdminAgents-UserAdminAgents-cpy','UserAdminAgent1','ItemIdentificationPG|AlternateItemIdentification','UserAdminAgent1',0.000000000000000000000000000000,'2000-01-01 00:00:00',NULL);
REPLACE INTO asb_agent_pg_attr (ASSEMBLY_ID, COMPONENT_ALIB_ID, PG_ATTRIBUTE_LIB_ID, ATTRIBUTE_VALUE, ATTRIBUTE_ORDER, START_DATE, END_DATE) VALUES ('RCP-0006-UserAdminAgents-UserAdminAgents-cpy','UserAdminAgent1','ItemIdentificationPG|ItemIdentification','UserAdminAgent1',0.000000000000000000000000000000,'2000-01-01 00:00:00',NULL);
REPLACE INTO asb_agent_pg_attr (ASSEMBLY_ID, COMPONENT_ALIB_ID, PG_ATTRIBUTE_LIB_ID, ATTRIBUTE_VALUE, ATTRIBUTE_ORDER, START_DATE, END_DATE) VALUES ('RCP-0006-UserAdminAgents-UserAdminAgents-cpy','UserAdminAgent1','ItemIdentificationPG|Nomenclature','UTC/RTOrg',0.000000000000000000000000000000,'2000-01-01 00:00:00',NULL);
REPLACE INTO asb_agent_pg_attr (ASSEMBLY_ID, COMPONENT_ALIB_ID, PG_ATTRIBUTE_LIB_ID, ATTRIBUTE_VALUE, ATTRIBUTE_ORDER, START_DATE, END_DATE) VALUES ('RCP-0006-UserAdminAgents-UserAdminAgents-cpy','UserAdminAgent1','TypeIdentificationPG|TypeIdentification','UTC/RTOrg',0.000000000000000000000000000000,'2000-01-01 00:00:00',NULL);
REPLACE INTO asb_agent_pg_attr (ASSEMBLY_ID, COMPONENT_ALIB_ID, PG_ATTRIBUTE_LIB_ID, ATTRIBUTE_VALUE, ATTRIBUTE_ORDER, START_DATE, END_DATE) VALUES ('RCP-0006-UserAdminAgents-UserAdminAgents-cpy','UserAdminAgent2','ClusterPG|ClusterIdentifier','UserAdminAgent2',0.000000000000000000000000000000,'2000-01-01 00:00:00',NULL);
REPLACE INTO asb_agent_pg_attr (ASSEMBLY_ID, COMPONENT_ALIB_ID, PG_ATTRIBUTE_LIB_ID, ATTRIBUTE_VALUE, ATTRIBUTE_ORDER, START_DATE, END_DATE) VALUES ('RCP-0006-UserAdminAgents-UserAdminAgents-cpy','UserAdminAgent2','ItemIdentificationPG|AlternateItemIdentification','UserAdminAgent2',0.000000000000000000000000000000,'2000-01-01 00:00:00',NULL);
REPLACE INTO asb_agent_pg_attr (ASSEMBLY_ID, COMPONENT_ALIB_ID, PG_ATTRIBUTE_LIB_ID, ATTRIBUTE_VALUE, ATTRIBUTE_ORDER, START_DATE, END_DATE) VALUES ('RCP-0006-UserAdminAgents-UserAdminAgents-cpy','UserAdminAgent2','ItemIdentificationPG|ItemIdentification','UserAdminAgent2',0.000000000000000000000000000000,'2000-01-01 00:00:00',NULL);
REPLACE INTO asb_agent_pg_attr (ASSEMBLY_ID, COMPONENT_ALIB_ID, PG_ATTRIBUTE_LIB_ID, ATTRIBUTE_VALUE, ATTRIBUTE_ORDER, START_DATE, END_DATE) VALUES ('RCP-0006-UserAdminAgents-UserAdminAgents-cpy','UserAdminAgent2','ItemIdentificationPG|Nomenclature','UTC/RTOrg',0.000000000000000000000000000000,'2000-01-01 00:00:00',NULL);
REPLACE INTO asb_agent_pg_attr (ASSEMBLY_ID, COMPONENT_ALIB_ID, PG_ATTRIBUTE_LIB_ID, ATTRIBUTE_VALUE, ATTRIBUTE_ORDER, START_DATE, END_DATE) VALUES ('RCP-0006-UserAdminAgents-UserAdminAgents-cpy','UserAdminAgent2','TypeIdentificationPG|TypeIdentification','UTC/RTOrg',0.000000000000000000000000000000,'2000-01-01 00:00:00',NULL);
REPLACE INTO asb_agent_pg_attr (ASSEMBLY_ID, COMPONENT_ALIB_ID, PG_ATTRIBUTE_LIB_ID, ATTRIBUTE_VALUE, ATTRIBUTE_ORDER, START_DATE, END_DATE) VALUES ('RCP-0006-UserAdminAgents-UserAdminAgents-cpy','UserAdminAgent3','ClusterPG|ClusterIdentifier','UserAdminAgent3',0.000000000000000000000000000000,'2000-01-01 00:00:00',NULL);
REPLACE INTO asb_agent_pg_attr (ASSEMBLY_ID, COMPONENT_ALIB_ID, PG_ATTRIBUTE_LIB_ID, ATTRIBUTE_VALUE, ATTRIBUTE_ORDER, START_DATE, END_DATE) VALUES ('RCP-0006-UserAdminAgents-UserAdminAgents-cpy','UserAdminAgent3','ItemIdentificationPG|AlternateItemIdentification','UserAdminAgent3',0.000000000000000000000000000000,'2000-01-01 00:00:00',NULL);
REPLACE INTO asb_agent_pg_attr (ASSEMBLY_ID, COMPONENT_ALIB_ID, PG_ATTRIBUTE_LIB_ID, ATTRIBUTE_VALUE, ATTRIBUTE_ORDER, START_DATE, END_DATE) VALUES ('RCP-0006-UserAdminAgents-UserAdminAgents-cpy','UserAdminAgent3','ItemIdentificationPG|ItemIdentification','UserAdminAgent3',0.000000000000000000000000000000,'2000-01-01 00:00:00',NULL);
REPLACE INTO asb_agent_pg_attr (ASSEMBLY_ID, COMPONENT_ALIB_ID, PG_ATTRIBUTE_LIB_ID, ATTRIBUTE_VALUE, ATTRIBUTE_ORDER, START_DATE, END_DATE) VALUES ('RCP-0006-UserAdminAgents-UserAdminAgents-cpy','UserAdminAgent3','ItemIdentificationPG|Nomenclature','UTC/RTOrg',0.000000000000000000000000000000,'2000-01-01 00:00:00',NULL);
REPLACE INTO asb_agent_pg_attr (ASSEMBLY_ID, COMPONENT_ALIB_ID, PG_ATTRIBUTE_LIB_ID, ATTRIBUTE_VALUE, ATTRIBUTE_ORDER, START_DATE, END_DATE) VALUES ('RCP-0006-UserAdminAgents-UserAdminAgents-cpy','UserAdminAgent3','TypeIdentificationPG|TypeIdentification','UTC/RTOrg',0.000000000000000000000000000000,'2000-01-01 00:00:00',NULL);
REPLACE INTO asb_agent_pg_attr (ASSEMBLY_ID, COMPONENT_ALIB_ID, PG_ATTRIBUTE_LIB_ID, ATTRIBUTE_VALUE, ATTRIBUTE_ORDER, START_DATE, END_DATE) VALUES ('RCP-0006-UserAdminAgents-UserAdminAgents-cpy','UserAdminAgent4','ClusterPG|ClusterIdentifier','UserAdminAgent4',0.000000000000000000000000000000,'2000-01-01 00:00:00',NULL);
REPLACE INTO asb_agent_pg_attr (ASSEMBLY_ID, COMPONENT_ALIB_ID, PG_ATTRIBUTE_LIB_ID, ATTRIBUTE_VALUE, ATTRIBUTE_ORDER, START_DATE, END_DATE) VALUES ('RCP-0006-UserAdminAgents-UserAdminAgents-cpy','UserAdminAgent4','ItemIdentificationPG|AlternateItemIdentification','UserAdminAgent4',0.000000000000000000000000000000,'2000-01-01 00:00:00',NULL);
REPLACE INTO asb_agent_pg_attr (ASSEMBLY_ID, COMPONENT_ALIB_ID, PG_ATTRIBUTE_LIB_ID, ATTRIBUTE_VALUE, ATTRIBUTE_ORDER, START_DATE, END_DATE) VALUES ('RCP-0006-UserAdminAgents-UserAdminAgents-cpy','UserAdminAgent4','ItemIdentificationPG|ItemIdentification','UserAdminAgent4',0.000000000000000000000000000000,'2000-01-01 00:00:00',NULL);
REPLACE INTO asb_agent_pg_attr (ASSEMBLY_ID, COMPONENT_ALIB_ID, PG_ATTRIBUTE_LIB_ID, ATTRIBUTE_VALUE, ATTRIBUTE_ORDER, START_DATE, END_DATE) VALUES ('RCP-0006-UserAdminAgents-UserAdminAgents-cpy','UserAdminAgent4','ItemIdentificationPG|Nomenclature','UTC/RTOrg',0.000000000000000000000000000000,'2000-01-01 00:00:00',NULL);
REPLACE INTO asb_agent_pg_attr (ASSEMBLY_ID, COMPONENT_ALIB_ID, PG_ATTRIBUTE_LIB_ID, ATTRIBUTE_VALUE, ATTRIBUTE_ORDER, START_DATE, END_DATE) VALUES ('RCP-0006-UserAdminAgents-UserAdminAgents-cpy','UserAdminAgent4','TypeIdentificationPG|TypeIdentification','UTC/RTOrg',0.000000000000000000000000000000,'2000-01-01 00:00:00',NULL);
UNLOCK TABLES;

#
# Dumping data for table 'asb_agent_relation'
#

LOCK TABLES asb_agent_relation WRITE;
UNLOCK TABLES;

#
# Dumping data for table 'asb_assembly'
#

LOCK TABLES asb_assembly WRITE;
REPLACE INTO asb_assembly (ASSEMBLY_ID, ASSEMBLY_TYPE, DESCRIPTION) VALUES ('RCP-0006-UserAdminAgents-UserAdminAgents-cpy','RCP','UserAdminAgent-cpy');
UNLOCK TABLES;

#
# Dumping data for table 'asb_component_arg'
#

LOCK TABLES asb_component_arg WRITE;
REPLACE INTO asb_component_arg (ASSEMBLY_ID, COMPONENT_ALIB_ID, ARGUMENT, ARGUMENT_ORDER) VALUES ('RCP-0006-UserAdminAgents-UserAdminAgents-cpy','UserAdminAgent1','UserAdminAgent1',1.000000000000000000000000000000);
REPLACE INTO asb_component_arg (ASSEMBLY_ID, COMPONENT_ALIB_ID, ARGUMENT, ARGUMENT_ORDER) VALUES ('RCP-0006-UserAdminAgents-UserAdminAgents-cpy','UserAdminAgent1|org.cougaar.core.security.certauthority.CaServletComponent','/useradmin',2.000000000000000000000000000000);
REPLACE INTO asb_component_arg (ASSEMBLY_ID, COMPONENT_ALIB_ID, ARGUMENT, ARGUMENT_ORDER) VALUES ('RCP-0006-UserAdminAgents-UserAdminAgents-cpy','UserAdminAgent1|org.cougaar.core.security.certauthority.CaServletComponent','org.cougaar.core.security.crypto.ldap.admin.UserAdminServlet',1.000000000000000000000000000000);
REPLACE INTO asb_component_arg (ASSEMBLY_ID, COMPONENT_ALIB_ID, ARGUMENT, ARGUMENT_ORDER) VALUES ('RCP-0006-UserAdminAgents-UserAdminAgents-cpy','UserAdminAgent2','UserAdminAgent2',1.000000000000000000000000000000);
REPLACE INTO asb_component_arg (ASSEMBLY_ID, COMPONENT_ALIB_ID, ARGUMENT, ARGUMENT_ORDER) VALUES ('RCP-0006-UserAdminAgents-UserAdminAgents-cpy','UserAdminAgent2|org.cougaar.core.security.certauthority.CaServletComponent','/useradmin',2.000000000000000000000000000000);
REPLACE INTO asb_component_arg (ASSEMBLY_ID, COMPONENT_ALIB_ID, ARGUMENT, ARGUMENT_ORDER) VALUES ('RCP-0006-UserAdminAgents-UserAdminAgents-cpy','UserAdminAgent2|org.cougaar.core.security.certauthority.CaServletComponent','org.cougaar.core.security.crypto.ldap.admin.UserAdminServlet',1.000000000000000000000000000000);
REPLACE INTO asb_component_arg (ASSEMBLY_ID, COMPONENT_ALIB_ID, ARGUMENT, ARGUMENT_ORDER) VALUES ('RCP-0006-UserAdminAgents-UserAdminAgents-cpy','UserAdminAgent3','UserAdminAgent3',1.000000000000000000000000000000);
REPLACE INTO asb_component_arg (ASSEMBLY_ID, COMPONENT_ALIB_ID, ARGUMENT, ARGUMENT_ORDER) VALUES ('RCP-0006-UserAdminAgents-UserAdminAgents-cpy','UserAdminAgent3|org.cougaar.core.security.certauthority.CaServletComponent','/useradmin',2.000000000000000000000000000000);
REPLACE INTO asb_component_arg (ASSEMBLY_ID, COMPONENT_ALIB_ID, ARGUMENT, ARGUMENT_ORDER) VALUES ('RCP-0006-UserAdminAgents-UserAdminAgents-cpy','UserAdminAgent3|org.cougaar.core.security.certauthority.CaServletComponent','org.cougaar.core.security.crypto.ldap.admin.UserAdminServlet',1.000000000000000000000000000000);
REPLACE INTO asb_component_arg (ASSEMBLY_ID, COMPONENT_ALIB_ID, ARGUMENT, ARGUMENT_ORDER) VALUES ('RCP-0006-UserAdminAgents-UserAdminAgents-cpy','UserAdminAgent4','UserAdminAgent4',1.000000000000000000000000000000);
REPLACE INTO asb_component_arg (ASSEMBLY_ID, COMPONENT_ALIB_ID, ARGUMENT, ARGUMENT_ORDER) VALUES ('RCP-0006-UserAdminAgents-UserAdminAgents-cpy','UserAdminAgent4|org.cougaar.core.security.certauthority.CaServletComponent','/useradmin',2.000000000000000000000000000000);
REPLACE INTO asb_component_arg (ASSEMBLY_ID, COMPONENT_ALIB_ID, ARGUMENT, ARGUMENT_ORDER) VALUES ('RCP-0006-UserAdminAgents-UserAdminAgents-cpy','UserAdminAgent4|org.cougaar.core.security.certauthority.CaServletComponent','org.cougaar.core.security.crypto.ldap.admin.UserAdminServlet',1.000000000000000000000000000000);
UNLOCK TABLES;

#
# Dumping data for table 'asb_component_hierarchy'
#

LOCK TABLES asb_component_hierarchy WRITE;
REPLACE INTO asb_component_hierarchy (ASSEMBLY_ID, COMPONENT_ALIB_ID, PARENT_COMPONENT_ALIB_ID, PRIORITY, INSERTION_ORDER) VALUES ('RCP-0006-UserAdminAgents-UserAdminAgents-cpy','UserAdminAgent2','UserAdminAgents-cpy','COMPONENT',1.000000000000000000000000000000);
REPLACE INTO asb_component_hierarchy (ASSEMBLY_ID, COMPONENT_ALIB_ID, PARENT_COMPONENT_ALIB_ID, PRIORITY, INSERTION_ORDER) VALUES ('RCP-0006-UserAdminAgents-UserAdminAgents-cpy','UserAdminAgent2|org.cougaar.mlm.plugin.organization.OrgDataPlugin','UserAdminAgent2','COMPONENT',0.000000000000000000000000000000);
REPLACE INTO asb_component_hierarchy (ASSEMBLY_ID, COMPONENT_ALIB_ID, PARENT_COMPONENT_ALIB_ID, PRIORITY, INSERTION_ORDER) VALUES ('RCP-0006-UserAdminAgents-UserAdminAgents-cpy','UserAdminAgent1','UserAdminAgents-cpy','COMPONENT',0.000000000000000000000000000000);
REPLACE INTO asb_component_hierarchy (ASSEMBLY_ID, COMPONENT_ALIB_ID, PARENT_COMPONENT_ALIB_ID, PRIORITY, INSERTION_ORDER) VALUES ('RCP-0006-UserAdminAgents-UserAdminAgents-cpy','UserAdminAgent1|org.cougaar.mlm.plugin.organization.OrgDataPlugin','UserAdminAgent1','COMPONENT',0.000000000000000000000000000000);
REPLACE INTO asb_component_hierarchy (ASSEMBLY_ID, COMPONENT_ALIB_ID, PARENT_COMPONENT_ALIB_ID, PRIORITY, INSERTION_ORDER) VALUES ('RCP-0006-UserAdminAgents-UserAdminAgents-cpy','UserAdminAgent1|org.cougaar.mlm.plugin.organization.OrgReportPlugin','UserAdminAgent1','COMPONENT',1.000000000000000000000000000000);
REPLACE INTO asb_component_hierarchy (ASSEMBLY_ID, COMPONENT_ALIB_ID, PARENT_COMPONENT_ALIB_ID, PRIORITY, INSERTION_ORDER) VALUES ('RCP-0006-UserAdminAgents-UserAdminAgents-cpy','UserAdminAgent1|org.cougaar.core.security.certauthority.CaServletComponent','UserAdminAgent1','COMPONENT',2.000000000000000000000000000000);
REPLACE INTO asb_component_hierarchy (ASSEMBLY_ID, COMPONENT_ALIB_ID, PARENT_COMPONENT_ALIB_ID, PRIORITY, INSERTION_ORDER) VALUES ('RCP-0006-UserAdminAgents-UserAdminAgents-cpy','UserAdminAgent2|org.cougaar.core.security.certauthority.CaServletComponent','UserAdminAgent2','COMPONENT',2.000000000000000000000000000000);
REPLACE INTO asb_component_hierarchy (ASSEMBLY_ID, COMPONENT_ALIB_ID, PARENT_COMPONENT_ALIB_ID, PRIORITY, INSERTION_ORDER) VALUES ('RCP-0006-UserAdminAgents-UserAdminAgents-cpy','UserAdminAgent3','UserAdminAgents-cpy','COMPONENT',2.000000000000000000000000000000);
REPLACE INTO asb_component_hierarchy (ASSEMBLY_ID, COMPONENT_ALIB_ID, PARENT_COMPONENT_ALIB_ID, PRIORITY, INSERTION_ORDER) VALUES ('RCP-0006-UserAdminAgents-UserAdminAgents-cpy','UserAdminAgent3|org.cougaar.mlm.plugin.organization.OrgDataPlugin','UserAdminAgent3','COMPONENT',0.000000000000000000000000000000);
REPLACE INTO asb_component_hierarchy (ASSEMBLY_ID, COMPONENT_ALIB_ID, PARENT_COMPONENT_ALIB_ID, PRIORITY, INSERTION_ORDER) VALUES ('RCP-0006-UserAdminAgents-UserAdminAgents-cpy','UserAdminAgent3|org.cougaar.mlm.plugin.organization.OrgReportPlugin','UserAdminAgent3','COMPONENT',1.000000000000000000000000000000);
REPLACE INTO asb_component_hierarchy (ASSEMBLY_ID, COMPONENT_ALIB_ID, PARENT_COMPONENT_ALIB_ID, PRIORITY, INSERTION_ORDER) VALUES ('RCP-0006-UserAdminAgents-UserAdminAgents-cpy','UserAdminAgent3|org.cougaar.core.security.certauthority.CaServletComponent','UserAdminAgent3','COMPONENT',2.000000000000000000000000000000);
REPLACE INTO asb_component_hierarchy (ASSEMBLY_ID, COMPONENT_ALIB_ID, PARENT_COMPONENT_ALIB_ID, PRIORITY, INSERTION_ORDER) VALUES ('RCP-0006-UserAdminAgents-UserAdminAgents-cpy','UserAdminAgent4','UserAdminAgents-cpy','COMPONENT',3.000000000000000000000000000000);
REPLACE INTO asb_component_hierarchy (ASSEMBLY_ID, COMPONENT_ALIB_ID, PARENT_COMPONENT_ALIB_ID, PRIORITY, INSERTION_ORDER) VALUES ('RCP-0006-UserAdminAgents-UserAdminAgents-cpy','UserAdminAgent4|org.cougaar.mlm.plugin.organization.OrgDataPlugin','UserAdminAgent4','COMPONENT',0.000000000000000000000000000000);
REPLACE INTO asb_component_hierarchy (ASSEMBLY_ID, COMPONENT_ALIB_ID, PARENT_COMPONENT_ALIB_ID, PRIORITY, INSERTION_ORDER) VALUES ('RCP-0006-UserAdminAgents-UserAdminAgents-cpy','UserAdminAgent4|org.cougaar.mlm.plugin.organization.OrgReportPlugin','UserAdminAgent4','COMPONENT',1.000000000000000000000000000000);
REPLACE INTO asb_component_hierarchy (ASSEMBLY_ID, COMPONENT_ALIB_ID, PARENT_COMPONENT_ALIB_ID, PRIORITY, INSERTION_ORDER) VALUES ('RCP-0006-UserAdminAgents-UserAdminAgents-cpy','UserAdminAgent4|org.cougaar.core.security.certauthority.CaServletComponent','UserAdminAgent4','COMPONENT',2.000000000000000000000000000000);
REPLACE INTO asb_component_hierarchy (ASSEMBLY_ID, COMPONENT_ALIB_ID, PARENT_COMPONENT_ALIB_ID, PRIORITY, INSERTION_ORDER) VALUES ('RCP-0006-UserAdminAgents-UserAdminAgents-cpy','UserAdminAgent2|org.cougaar.mlm.plugin.organization.OrgReportPlugin','UserAdminAgent2','COMPONENT',1.000000000000000000000000000000);
UNLOCK TABLES;

#
# Dumping data for table 'asb_oplan'
#

LOCK TABLES asb_oplan WRITE;
UNLOCK TABLES;

#
# Dumping data for table 'asb_oplan_agent_attr'
#

LOCK TABLES asb_oplan_agent_attr WRITE;
UNLOCK TABLES;

#
# Dumping data for table 'community_attribute'
#

LOCK TABLES community_attribute WRITE;
UNLOCK TABLES;

#
# Dumping data for table 'community_entity_attribute'
#

LOCK TABLES community_entity_attribute WRITE;
UNLOCK TABLES;

#
# Dumping data for table 'lib_agent_org'
#

LOCK TABLES lib_agent_org WRITE;
REPLACE INTO lib_agent_org (COMPONENT_LIB_ID, AGENT_LIB_NAME, AGENT_ORG_CLASS) VALUES ('UserAdminAgent1','UserAdminAgent1','MilitaryOrganization');
REPLACE INTO lib_agent_org (COMPONENT_LIB_ID, AGENT_LIB_NAME, AGENT_ORG_CLASS) VALUES ('UserAdminAgent2','UserAdminAgent2','MilitaryOrganization');
REPLACE INTO lib_agent_org (COMPONENT_LIB_ID, AGENT_LIB_NAME, AGENT_ORG_CLASS) VALUES ('UserAdminAgent3','UserAdminAgent3','MilitaryOrganization');
REPLACE INTO lib_agent_org (COMPONENT_LIB_ID, AGENT_LIB_NAME, AGENT_ORG_CLASS) VALUES ('UserAdminAgent4','UserAdminAgent4','MilitaryOrganization');
UNLOCK TABLES;

#
# Dumping data for table 'lib_component'
#

LOCK TABLES lib_component WRITE;
REPLACE INTO lib_component (COMPONENT_LIB_ID, COMPONENT_TYPE, COMPONENT_CLASS, INSERTION_POINT, DESCRIPTION) VALUES ('UserAdminAgent2','agent','org.cougaar.core.agent.ClusterImpl','Node.AgentManager.Agent','Added agent');
REPLACE INTO lib_component (COMPONENT_LIB_ID, COMPONENT_TYPE, COMPONENT_CLASS, INSERTION_POINT, DESCRIPTION) VALUES ('recipe|##RECIPE_CLASS##','recipe','##RECIPE_CLASS##','recipe','Added recipe');
REPLACE INTO lib_component (COMPONENT_LIB_ID, COMPONENT_TYPE, COMPONENT_CLASS, INSERTION_POINT, DESCRIPTION) VALUES ('plugin|org.cougaar.mlm.plugin.organization.OrgDataPlugin','plugin','org.cougaar.mlm.plugin.organization.OrgDataPlugin','Node.AgentManager.Agent.PluginManager.Plugin','Creates org assets, RFD (Replaces OrgRTDataPlugin and OrgTPRTDataPlugin');
REPLACE INTO lib_component (COMPONENT_LIB_ID, COMPONENT_TYPE, COMPONENT_CLASS, INSERTION_POINT, DESCRIPTION) VALUES ('UserAdminAgent1','agent','org.cougaar.core.agent.ClusterImpl','Node.AgentManager.Agent','Added agent');
REPLACE INTO lib_component (COMPONENT_LIB_ID, COMPONENT_TYPE, COMPONENT_CLASS, INSERTION_POINT, DESCRIPTION) VALUES ('plugin|org.cougaar.mlm.plugin.organization.OrgReportPlugin','plugin','org.cougaar.mlm.plugin.organization.OrgReportPlugin','Node.AgentManager.Agent.PluginManager.Plugin','Subscribes to RFD tasks and RFS tasks and generate');
REPLACE INTO lib_component (COMPONENT_LIB_ID, COMPONENT_TYPE, COMPONENT_CLASS, INSERTION_POINT, DESCRIPTION) VALUES ('plugin|org.cougaar.core.security.certauthority.CaServletComponent','plugin','org.cougaar.core.security.certauthority.CaServletComponent','Node.AgentManager.Agent.PluginManager.Plugin','Added plugin');
REPLACE INTO lib_component (COMPONENT_LIB_ID, COMPONENT_TYPE, COMPONENT_CLASS, INSERTION_POINT, DESCRIPTION) VALUES ('UserAdminAgent3','agent','org.cougaar.core.agent.ClusterImpl','Node.AgentManager.Agent','Added agent');
REPLACE INTO lib_component (COMPONENT_LIB_ID, COMPONENT_TYPE, COMPONENT_CLASS, INSERTION_POINT, DESCRIPTION) VALUES ('UserAdminAgent4','agent','org.cougaar.core.agent.ClusterImpl','Node.AgentManager.Agent','Added agent');
UNLOCK TABLES;

#
# Dumping data for table 'lib_mod_recipe'
#

LOCK TABLES lib_mod_recipe WRITE;
REPLACE INTO lib_mod_recipe (MOD_RECIPE_LIB_ID, NAME, JAVA_CLASS, DESCRIPTION) VALUES ('RECIPE-0006UserAdminAgentsUserAdminAgents-cpy','UserAdminAgents-cpy','org.cougaar.tools.csmart.recipe.CompleteAgentRecipe','No description available');
UNLOCK TABLES;

#
# Dumping data for table 'lib_mod_recipe_arg'
#

LOCK TABLES lib_mod_recipe_arg WRITE;
REPLACE INTO lib_mod_recipe_arg (MOD_RECIPE_LIB_ID, ARG_NAME, ARG_ORDER, ARG_VALUE) VALUES ('RECIPE-0006UserAdminAgentsUserAdminAgents-cpy','Assembly Id',0.000000000000000000000000000000,'RCP-0006-UserAdminAgents-UserAdminAgents-cpy');
UNLOCK TABLES;

#
# Dumping data for table 'lib_pg_attribute'
#

LOCK TABLES lib_pg_attribute WRITE;
REPLACE INTO lib_pg_attribute (PG_ATTRIBUTE_LIB_ID, PG_NAME, ATTRIBUTE_NAME, ATTRIBUTE_TYPE, AGGREGATE_TYPE) VALUES ('ClusterPG|ClusterIdentifier','ClusterPG','ClusterIdentifier','ClusterIdentifier','SINGLE');
REPLACE INTO lib_pg_attribute (PG_ATTRIBUTE_LIB_ID, PG_NAME, ATTRIBUTE_NAME, ATTRIBUTE_TYPE, AGGREGATE_TYPE) VALUES ('ItemIdentificationPG|AlternateItemIdentification','ItemIdentificationPG','AlternateItemIdentification','String','SINGLE');
REPLACE INTO lib_pg_attribute (PG_ATTRIBUTE_LIB_ID, PG_NAME, ATTRIBUTE_NAME, ATTRIBUTE_TYPE, AGGREGATE_TYPE) VALUES ('ItemIdentificationPG|ItemIdentification','ItemIdentificationPG','ItemIdentification','String','SINGLE');
REPLACE INTO lib_pg_attribute (PG_ATTRIBUTE_LIB_ID, PG_NAME, ATTRIBUTE_NAME, ATTRIBUTE_TYPE, AGGREGATE_TYPE) VALUES ('ItemIdentificationPG|Nomenclature','ItemIdentificationPG','Nomenclature','String','SINGLE');
REPLACE INTO lib_pg_attribute (PG_ATTRIBUTE_LIB_ID, PG_NAME, ATTRIBUTE_NAME, ATTRIBUTE_TYPE, AGGREGATE_TYPE) VALUES ('TypeIdentificationPG|TypeIdentification','TypeIdentificationPG','TypeIdentification','String','SINGLE');
UNLOCK TABLES;

